/*
 Navicat Premium Data Transfer

 Source Server         : localhost
 Source Server Type    : MySQL
 Source Server Version : 80021
 Source Host           : localhost:3306
 Source Schema         : activiti

 Target Server Type    : MySQL
 Target Server Version : 80021
 File Encoding         : 65001

 Date: 12/03/2021 10:25:19
*/

SET NAMES utf8mb4;
SET FOREIGN_KEY_CHECKS = 0;

-- ----------------------------
-- Table structure for act_evt_log
-- ----------------------------
DROP TABLE IF EXISTS `act_evt_log`;
CREATE TABLE `act_evt_log`  (
  `LOG_NR_` bigint(0) NOT NULL AUTO_INCREMENT,
  `TYPE_` varchar(64) CHARACTER SET utf8 COLLATE utf8_bin NULL DEFAULT NULL,
  `PROC_DEF_ID_` varchar(64) CHARACTER SET utf8 COLLATE utf8_bin NULL DEFAULT NULL,
  `PROC_INST_ID_` varchar(64) CHARACTER SET utf8 COLLATE utf8_bin NULL DEFAULT NULL,
  `EXECUTION_ID_` varchar(64) CHARACTER SET utf8 COLLATE utf8_bin NULL DEFAULT NULL,
  `TASK_ID_` varchar(64) CHARACTER SET utf8 COLLATE utf8_bin NULL DEFAULT NULL,
  `TIME_STAMP_` timestamp(3) NOT NULL,
  `USER_ID_` varchar(255) CHARACTER SET utf8 COLLATE utf8_bin NULL DEFAULT NULL,
  `DATA_` longblob NULL,
  `LOCK_OWNER_` varchar(255) CHARACTER SET utf8 COLLATE utf8_bin NULL DEFAULT NULL,
  `LOCK_TIME_` timestamp(3) NULL DEFAULT NULL,
  `IS_PROCESSED_` tinyint(0) NULL DEFAULT 0,
  PRIMARY KEY (`LOG_NR_`) USING BTREE
) ENGINE = InnoDB CHARACTER SET = utf8 COLLATE = utf8_bin ROW_FORMAT = Dynamic;

-- ----------------------------
-- Table structure for act_ge_bytearray
-- ----------------------------
DROP TABLE IF EXISTS `act_ge_bytearray`;
CREATE TABLE `act_ge_bytearray`  (
  `ID_` varchar(64) CHARACTER SET utf8 COLLATE utf8_bin NOT NULL,
  `REV_` int(0) NULL DEFAULT NULL,
  `NAME_` varchar(255) CHARACTER SET utf8 COLLATE utf8_bin NULL DEFAULT NULL,
  `DEPLOYMENT_ID_` varchar(64) CHARACTER SET utf8 COLLATE utf8_bin NULL DEFAULT NULL,
  `BYTES_` longblob NULL,
  `GENERATED_` tinyint(0) NULL DEFAULT NULL,
  PRIMARY KEY (`ID_`) USING BTREE,
  INDEX `ACT_FK_BYTEARR_DEPL`(`DEPLOYMENT_ID_`) USING BTREE,
  CONSTRAINT `ACT_FK_BYTEARR_DEPL` FOREIGN KEY (`DEPLOYMENT_ID_`) REFERENCES `act_re_deployment` (`ID_`) ON DELETE RESTRICT ON UPDATE RESTRICT
) ENGINE = InnoDB CHARACTER SET = utf8 COLLATE = utf8_bin ROW_FORMAT = Dynamic;

-- ----------------------------
-- Records of act_ge_bytearray
-- ----------------------------
INSERT INTO `act_ge_bytearray` VALUES ('2', 1, 'processes/leave.bpmn', '1', 0x3C3F786D6C2076657273696F6E3D22312E302220656E636F64696E673D225554462D3822207374616E64616C6F6E653D22796573223F3E0A3C646566696E6974696F6E7320786D6C6E733D22687474703A2F2F7777772E6F6D672E6F72672F737065632F42504D4E2F32303130303532342F4D4F44454C2220786D6C6E733A61637469766974693D22687474703A2F2F61637469766974692E6F72672F62706D6E2220786D6C6E733A62706D6E64693D22687474703A2F2F7777772E6F6D672E6F72672F737065632F42504D4E2F32303130303532342F44492220786D6C6E733A6F6D6764633D22687474703A2F2F7777772E6F6D672E6F72672F737065632F44442F32303130303532342F44432220786D6C6E733A6F6D6764693D22687474703A2F2F7777772E6F6D672E6F72672F737065632F44442F32303130303532342F44492220786D6C6E733A746E733D22687474703A2F2F7777772E61637469766974692E6F72672F746573742220786D6C6E733A7873643D22687474703A2F2F7777772E77332E6F72672F323030312F584D4C536368656D612220786D6C6E733A7873693D22687474703A2F2F7777772E77332E6F72672F323030312F584D4C536368656D612D696E7374616E6365222065787072657373696F6E4C616E67756167653D22687474703A2F2F7777772E77332E6F72672F313939392F5850617468222069643D226D3135333737363236313432343122206E616D653D2222207461726765744E616D6573706163653D22687474703A2F2F7777772E61637469766974692E6F72672F746573742220747970654C616E67756167653D22687474703A2F2F7777772E77332E6F72672F323030312F584D4C536368656D61223E0A20203C70726F636573732069643D226C6561766550726F63655F494422206973436C6F7365643D2266616C73652220697345786563757461626C653D227472756522206E616D653D22E8AFB7E58187E6B581E7A88B222070726F63657373547970653D224E6F6E65223E0A202020203C73746172744576656E742061637469766974693A696E69746961746F723D22247B696E697461746F727D222069643D225F3222206E616D653D22E8AFB7E58187E6B581E7A88BE590AFE58AA8222F3E0A202020203C757365725461736B2061637469766974693A61737369676E65653D22247B6167656E747D222061637469766974693A6578636C75736976653D2274727565222061637469766974693A666F726D4B65793D22247B666F726D49647D222069643D225F3322206E616D653D22E5A1ABE58699E8AFB7E58187E8A1A8E58D95223E0A2020202020203C646F63756D656E746174696F6E2069643D225F335F445F31223E3C215B43444154415BE5A1ABE58699E8AFB7E58187E8A1A8E58D955D5D3E3C2F646F63756D656E746174696F6E3E0A202020203C2F757365725461736B3E0A202020203C6578636C7573697665476174657761792067617465776179446972656374696F6E3D22556E737065636966696564222069643D225F3622206E616D653D22E698AFE590A6E8AFB7E58187222F3E0A202020203C757365725461736B2061637469766974693A61737369676E65653D22247B6167656E747D222061637469766974693A6578636C75736976653D2274727565222061637469766974693A666F726D4B65793D22247B666F726D49647D222069643D225F3722206E616D653D22E68F90E4BAA4E8AFB7E58187E8A1A8E58D95223E0A2020202020203C646F63756D656E746174696F6E2069643D225F375F445F31223E3C215B43444154415BE68F90E4BAA4E8AFB7E58187E8A1A8E58D955D5D3E3C2F646F63756D656E746174696F6E3E0A202020203C2F757365725461736B3E0A202020203C757365725461736B2061637469766974693A61737369676E65653D22247B6167656E747D222061637469766974693A6578636C75736976653D2274727565222061637469766974693A666F726D4B65793D22247B666F726D49647D222069643D225F3822206E616D653D22E983A8E997A8E7BB8FE79086E5AEA1E689B9E38090E8AFB7E58187E794B3E8AFB7E38091223E0A2020202020203C646F63756D656E746174696F6E2069643D225F385F445F31223E3C215B43444154415BE983A8E997A8E7BB8FE79086E5AEA1E689B9E38090E8AFB7E58187E794B3E8AFB7E380915D5D3E3C2F646F63756D656E746174696F6E3E0A202020203C2F757365725461736B3E0A202020203C757365725461736B2061637469766974693A61737369676E65653D22247B6167656E747D222061637469766974693A6578636C75736976653D2274727565222061637469766974693A666F726D4B65793D22247B666F726D49647D222069643D225F3922206E616D653D22E99480E6AF81E8AFB7E58187E8A1A8E58D95223E0A2020202020203C646F63756D656E746174696F6E2069643D225F395F445F31223E3C215B43444154415BE99480E6AF81E8AFB7E58187E8A1A8E58D955D5D3E3C2F646F63756D656E746174696F6E3E0A202020203C2F757365725461736B3E0A202020203C656E644576656E742069643D225F313022206E616D653D22E8AFB7E58187E6B581E7A88BE7BB93E69D9F222F3E0A202020203C73657175656E6365466C6F772069643D225F31312220736F757263655265663D225F3222207461726765745265663D225F33222F3E0A202020203C73657175656E6365466C6F772069643D225F31322220736F757263655265663D225F3322207461726765745265663D225F36222F3E0A202020203C73657175656E6365466C6F772069643D225F313322206E616D653D22E68F90E4BAA4E8A1A8E58D952220736F757263655265663D225F3622207461726765745265663D225F37223E0A2020202020203C636F6E646974696F6E45787072657373696F6E207873693A747970653D2274466F726D616C45787072657373696F6E223E3C215B43444154415B247B666C61673D3D2774727565277D5D5D3E3C2F636F6E646974696F6E45787072657373696F6E3E0A202020203C2F73657175656E6365466C6F773E0A202020203C73657175656E6365466C6F772069643D225F313422206E616D653D22E694BEE5BC83E8AFB7E581872220736F757263655265663D225F3622207461726765745265663D225F39223E0A2020202020203C636F6E646974696F6E45787072657373696F6E207873693A747970653D2274466F726D616C45787072657373696F6E223E3C215B43444154415B247B666C61673D3D2766616C7365277D5D5D3E3C2F636F6E646974696F6E45787072657373696F6E3E0A202020203C2F73657175656E6365466C6F773E0A202020203C73657175656E6365466C6F772069643D225F31372220736F757263655265663D225F3922207461726765745265663D225F3130222F3E0A202020203C757365725461736B2061637469766974693A61737369676E65653D22247B6167656E747D222061637469766974693A6578636C75736976653D2274727565222061637469766974693A666F726D4B65793D22247B666F726D49647D222069643D225F313822206E616D653D22426F7373E5AEA1E689B9E38090E8AFB7E58187E794B3E8AFB7E38091223E0A2020202020203C646F63756D656E746174696F6E2069643D225F31385F445F31223E3C215B43444154415B426F7373E5AEA1E689B9E38090E8AFB7E58187E794B3E8AFB7E380915D5D3E3C2F646F63756D656E746174696F6E3E0A202020203C2F757365725461736B3E0A202020203C73657175656E6365466C6F772069643D225F32302220736F757263655265663D225F313822207461726765745265663D225F3130222F3E0A202020203C73657175656E6365466C6F772069643D225F32312220736F757263655265663D225F3722207461726765745265663D225F38222F3E0A202020203C6578636C7573697665476174657761792067617465776179446972656374696F6E3D22556E737065636966696564222069643D225F323222206E616D653D22E983A8E997A8E7BB8FE79086E698AFE590A6E5908CE6848F222F3E0A202020203C73657175656E6365466C6F772069643D225F32332220736F757263655265663D225F3822207461726765745265663D225F3232222F3E0A202020203C73657175656E6365466C6F772069643D225F323422206E616D653D22E983A8E997A8E7BB8FE79086E4B88DE5908CE6848FE7BB93E69D9FE4BBBBE58AA1E6B581E7A88B2220736F757263655265663D225F323222207461726765745265663D225F3130223E0A2020202020203C636F6E646974696F6E45787072657373696F6E207873693A747970653D2274466F726D616C45787072657373696F6E223E3C215B43444154415B247B666C61673D3D2766616C7365277D5D5D3E3C2F636F6E646974696F6E45787072657373696F6E3E0A202020203C2F73657175656E6365466C6F773E0A202020203C73657175656E6365466C6F772069643D225F323522206E616D653D22E983A8E997A8E7BB8FE79086E5908CE6848F2220736F757263655265663D225F323222207461726765745265663D225F3138223E0A2020202020203C636F6E646974696F6E45787072657373696F6E207873693A747970653D2274466F726D616C45787072657373696F6E223E3C215B43444154415B247B666C61673D3D2774727565277D5D5D3E3C2F636F6E646974696F6E45787072657373696F6E3E0A202020203C2F73657175656E6365466C6F773E0A20203C2F70726F636573733E0A20203C62706D6E64693A42504D4E4469616772616D20646F63756D656E746174696F6E3D226261636B67726F756E643D234646464646463B636F756E743D313B686F72697A6F6E74616C636F756E743D313B6F7269656E746174696F6E3D303B77696474683D3834322E343B6865696768743D313139352E323B696D61676561626C6557696474683D3833322E343B696D61676561626C654865696768743D313138352E323B696D61676561626C65583D352E303B696D61676561626C65593D352E30222069643D224469616772616D2D5F3122206E616D653D224E6577204469616772616D223E0A202020203C62706D6E64693A42504D4E506C616E652062706D6E456C656D656E743D226C6561766550726F63655F4944223E0A2020202020203C62706D6E64693A42504D4E53686170652062706D6E456C656D656E743D225F32222069643D2253686170652D5F32223E0A20202020202020203C6F6D6764633A426F756E6473206865696768743D2233322E30222077696474683D2233322E302220783D2234352E302220793D223236352E30222F3E0A20202020202020203C62706D6E64693A42504D4E4C6162656C3E0A202020202020202020203C6F6D6764633A426F756E6473206865696768743D2233322E30222077696474683D2233322E302220783D22302E302220793D22302E30222F3E0A20202020202020203C2F62706D6E64693A42504D4E4C6162656C3E0A2020202020203C2F62706D6E64693A42504D4E53686170653E0A2020202020203C62706D6E64693A42504D4E53686170652062706D6E456C656D656E743D225F33222069643D2253686170652D5F33223E0A20202020202020203C6F6D6764633A426F756E6473206865696768743D2235352E30222077696474683D223132302E302220783D223230302E302220793D223236302E30222F3E0A20202020202020203C62706D6E64693A42504D4E4C6162656C3E0A202020202020202020203C6F6D6764633A426F756E6473206865696768743D2235352E30222077696474683D223132302E302220783D22302E302220793D22302E30222F3E0A20202020202020203C2F62706D6E64693A42504D4E4C6162656C3E0A2020202020203C2F62706D6E64693A42504D4E53686170653E0A2020202020203C62706D6E64693A42504D4E53686170652062706D6E456C656D656E743D225F36222069643D2253686170652D5F36222069734D61726B657256697369626C653D2266616C7365223E0A20202020202020203C6F6D6764633A426F756E6473206865696768743D2233322E30222077696474683D2233322E302220783D223337302E302220793D223237302E30222F3E0A20202020202020203C62706D6E64693A42504D4E4C6162656C3E0A202020202020202020203C6F6D6764633A426F756E6473206865696768743D2233322E30222077696474683D2233322E302220783D22302E302220793D22302E30222F3E0A20202020202020203C2F62706D6E64693A42504D4E4C6162656C3E0A2020202020203C2F62706D6E64693A42504D4E53686170653E0A2020202020203C62706D6E64693A42504D4E53686170652062706D6E456C656D656E743D225F37222069643D2253686170652D5F37223E0A20202020202020203C6F6D6764633A426F756E6473206865696768743D2235352E30222077696474683D223133352E302220783D223537352E302220793D223134302E30222F3E0A20202020202020203C62706D6E64693A42504D4E4C6162656C3E0A202020202020202020203C6F6D6764633A426F756E6473206865696768743D2235352E30222077696474683D223133352E302220783D22302E302220793D22302E30222F3E0A20202020202020203C2F62706D6E64693A42504D4E4C6162656C3E0A2020202020203C2F62706D6E64693A42504D4E53686170653E0A2020202020203C62706D6E64693A42504D4E53686170652062706D6E456C656D656E743D225F38222069643D2253686170652D5F38223E0A20202020202020203C6F6D6764633A426F756E6473206865696768743D2235352E30222077696474683D223131302E302220783D223739302E302220793D223133352E30222F3E0A20202020202020203C62706D6E64693A42504D4E4C6162656C3E0A202020202020202020203C6F6D6764633A426F756E6473206865696768743D2235352E30222077696474683D223131302E302220783D22302E302220793D22302E30222F3E0A20202020202020203C2F62706D6E64693A42504D4E4C6162656C3E0A2020202020203C2F62706D6E64693A42504D4E53686170653E0A2020202020203C62706D6E64693A42504D4E53686170652062706D6E456C656D656E743D225F39222069643D2253686170652D5F39223E0A20202020202020203C6F6D6764633A426F756E6473206865696768743D2235352E30222077696474683D223132352E302220783D223537302E302220793D223438302E30222F3E0A20202020202020203C62706D6E64693A42504D4E4C6162656C3E0A202020202020202020203C6F6D6764633A426F756E6473206865696768743D2235352E30222077696474683D223132352E302220783D22302E302220793D22302E30222F3E0A20202020202020203C2F62706D6E64693A42504D4E4C6162656C3E0A2020202020203C2F62706D6E64693A42504D4E53686170653E0A2020202020203C62706D6E64693A42504D4E53686170652062706D6E456C656D656E743D225F3130222069643D2253686170652D5F3130223E0A20202020202020203C6F6D6764633A426F756E6473206865696768743D2233322E30222077696474683D2233322E302220783D22313038352E302220793D223435352E30222F3E0A20202020202020203C62706D6E64693A42504D4E4C6162656C3E0A202020202020202020203C6F6D6764633A426F756E6473206865696768743D2233322E30222077696474683D2233322E302220783D22302E302220793D22302E30222F3E0A20202020202020203C2F62706D6E64693A42504D4E4C6162656C3E0A2020202020203C2F62706D6E64693A42504D4E53686170653E0A2020202020203C62706D6E64693A42504D4E53686170652062706D6E456C656D656E743D225F3138222069643D2253686170652D5F3138223E0A20202020202020203C6F6D6764633A426F756E6473206865696768743D2235352E30222077696474683D223130302E302220783D22313037352E302220793D2233302E30222F3E0A20202020202020203C62706D6E64693A42504D4E4C6162656C3E0A202020202020202020203C6F6D6764633A426F756E6473206865696768743D2235352E30222077696474683D223130302E302220783D22302E302220793D22302E30222F3E0A20202020202020203C2F62706D6E64693A42504D4E4C6162656C3E0A2020202020203C2F62706D6E64693A42504D4E53686170653E0A2020202020203C62706D6E64693A42504D4E53686170652062706D6E456C656D656E743D225F3232222069643D2253686170652D5F3232222069734D61726B657256697369626C653D2266616C7365223E0A20202020202020203C6F6D6764633A426F756E6473206865696768743D2233322E30222077696474683D2233322E302220783D223937302E302220793D223133352E30222F3E0A20202020202020203C62706D6E64693A42504D4E4C6162656C3E0A202020202020202020203C6F6D6764633A426F756E6473206865696768743D2233322E30222077696474683D2233322E302220783D22302E302220793D22302E30222F3E0A20202020202020203C2F62706D6E64693A42504D4E4C6162656C3E0A2020202020203C2F62706D6E64693A42504D4E53686170653E0A2020202020203C62706D6E64693A42504D4E456467652062706D6E456C656D656E743D225F3133222069643D2242504D4E456467655F5F31332220736F75726365456C656D656E743D225F362220746172676574456C656D656E743D225F37223E0A20202020202020203C6F6D6764693A776179706F696E7420783D223430322E302220793D223238362E30222F3E0A20202020202020203C6F6D6764693A776179706F696E7420783D223537352E302220793D223136372E35222F3E0A20202020202020203C62706D6E64693A42504D4E4C6162656C3E0A202020202020202020203C6F6D6764633A426F756E6473206865696768743D22302E30222077696474683D22302E302220783D22302E302220793D22302E30222F3E0A20202020202020203C2F62706D6E64693A42504D4E4C6162656C3E0A2020202020203C2F62706D6E64693A42504D4E456467653E0A2020202020203C62706D6E64693A42504D4E456467652062706D6E456C656D656E743D225F3234222069643D2242504D4E456467655F5F32342220736F75726365456C656D656E743D225F32322220746172676574456C656D656E743D225F3130223E0A20202020202020203C6F6D6764693A776179706F696E7420783D22313030322E302220793D223135312E30222F3E0A20202020202020203C6F6D6764693A776179706F696E7420783D22313038352E302220793D223437312E30222F3E0A20202020202020203C62706D6E64693A42504D4E4C6162656C3E0A202020202020202020203C6F6D6764633A426F756E6473206865696768743D22302E30222077696474683D22302E302220783D22302E302220793D22302E30222F3E0A20202020202020203C2F62706D6E64693A42504D4E4C6162656C3E0A2020202020203C2F62706D6E64693A42504D4E456467653E0A2020202020203C62706D6E64693A42504D4E456467652062706D6E456C656D656E743D225F3132222069643D2242504D4E456467655F5F31322220736F75726365456C656D656E743D225F332220746172676574456C656D656E743D225F36223E0A20202020202020203C6F6D6764693A776179706F696E7420783D223332302E302220793D223238372E35222F3E0A20202020202020203C6F6D6764693A776179706F696E7420783D223337302E302220793D223238362E30222F3E0A20202020202020203C62706D6E64693A42504D4E4C6162656C3E0A202020202020202020203C6F6D6764633A426F756E6473206865696768743D22302E30222077696474683D22302E302220783D22302E302220793D22302E30222F3E0A20202020202020203C2F62706D6E64693A42504D4E4C6162656C3E0A2020202020203C2F62706D6E64693A42504D4E456467653E0A2020202020203C62706D6E64693A42504D4E456467652062706D6E456C656D656E743D225F3233222069643D2242504D4E456467655F5F32332220736F75726365456C656D656E743D225F382220746172676574456C656D656E743D225F3232223E0A20202020202020203C6F6D6764693A776179706F696E7420783D223930302E302220793D223136322E35222F3E0A20202020202020203C6F6D6764693A776179706F696E7420783D223937302E302220793D223135312E30222F3E0A20202020202020203C62706D6E64693A42504D4E4C6162656C3E0A202020202020202020203C6F6D6764633A426F756E6473206865696768743D22302E30222077696474683D22302E302220783D22302E302220793D22302E30222F3E0A20202020202020203C2F62706D6E64693A42504D4E4C6162656C3E0A2020202020203C2F62706D6E64693A42504D4E456467653E0A2020202020203C62706D6E64693A42504D4E456467652062706D6E456C656D656E743D225F3134222069643D2242504D4E456467655F5F31342220736F75726365456C656D656E743D225F362220746172676574456C656D656E743D225F39223E0A20202020202020203C6F6D6764693A776179706F696E7420783D223430322E302220793D223238362E30222F3E0A20202020202020203C6F6D6764693A776179706F696E7420783D223537302E302220793D223530372E35222F3E0A20202020202020203C62706D6E64693A42504D4E4C6162656C3E0A202020202020202020203C6F6D6764633A426F756E6473206865696768743D22302E30222077696474683D22302E302220783D22302E302220793D22302E30222F3E0A20202020202020203C2F62706D6E64693A42504D4E4C6162656C3E0A2020202020203C2F62706D6E64693A42504D4E456467653E0A2020202020203C62706D6E64693A42504D4E456467652062706D6E456C656D656E743D225F3235222069643D2242504D4E456467655F5F32352220736F75726365456C656D656E743D225F32322220746172676574456C656D656E743D225F3138223E0A20202020202020203C6F6D6764693A776179706F696E7420783D22313030322E302220793D223135312E30222F3E0A20202020202020203C6F6D6764693A776179706F696E7420783D22313037352E302220793D2235372E35222F3E0A20202020202020203C62706D6E64693A42504D4E4C6162656C3E0A202020202020202020203C6F6D6764633A426F756E6473206865696768743D22302E30222077696474683D22302E302220783D22302E302220793D22302E30222F3E0A20202020202020203C2F62706D6E64693A42504D4E4C6162656C3E0A2020202020203C2F62706D6E64693A42504D4E456467653E0A2020202020203C62706D6E64693A42504D4E456467652062706D6E456C656D656E743D225F3137222069643D2242504D4E456467655F5F31372220736F75726365456C656D656E743D225F392220746172676574456C656D656E743D225F3130223E0A20202020202020203C6F6D6764693A776179706F696E7420783D223639352E302220793D223530372E35222F3E0A20202020202020203C6F6D6764693A776179706F696E7420783D22313038352E302220793D223437312E30222F3E0A20202020202020203C62706D6E64693A42504D4E4C6162656C3E0A202020202020202020203C6F6D6764633A426F756E6473206865696768743D22302E30222077696474683D22302E302220783D22302E302220793D22302E30222F3E0A20202020202020203C2F62706D6E64693A42504D4E4C6162656C3E0A2020202020203C2F62706D6E64693A42504D4E456467653E0A2020202020203C62706D6E64693A42504D4E456467652062706D6E456C656D656E743D225F3230222069643D2242504D4E456467655F5F32302220736F75726365456C656D656E743D225F31382220746172676574456C656D656E743D225F3130223E0A20202020202020203C6F6D6764693A776179706F696E7420783D22313130312E302220793D2238352E30222F3E0A20202020202020203C6F6D6764693A776179706F696E7420783D22313130312E302220793D223435352E30222F3E0A20202020202020203C62706D6E64693A42504D4E4C6162656C3E0A202020202020202020203C6F6D6764633A426F756E6473206865696768743D22302E30222077696474683D22302E302220783D22302E302220793D22302E30222F3E0A20202020202020203C2F62706D6E64693A42504D4E4C6162656C3E0A2020202020203C2F62706D6E64693A42504D4E456467653E0A2020202020203C62706D6E64693A42504D4E456467652062706D6E456C656D656E743D225F3131222069643D2242504D4E456467655F5F31312220736F75726365456C656D656E743D225F322220746172676574456C656D656E743D225F33223E0A20202020202020203C6F6D6764693A776179706F696E7420783D2237372E302220793D223238312E30222F3E0A20202020202020203C6F6D6764693A776179706F696E7420783D223230302E302220793D223238372E35222F3E0A20202020202020203C62706D6E64693A42504D4E4C6162656C3E0A202020202020202020203C6F6D6764633A426F756E6473206865696768743D22302E30222077696474683D22302E302220783D22302E302220793D22302E30222F3E0A20202020202020203C2F62706D6E64693A42504D4E4C6162656C3E0A2020202020203C2F62706D6E64693A42504D4E456467653E0A2020202020203C62706D6E64693A42504D4E456467652062706D6E456C656D656E743D225F3231222069643D2242504D4E456467655F5F32312220736F75726365456C656D656E743D225F372220746172676574456C656D656E743D225F38223E0A20202020202020203C6F6D6764693A776179706F696E7420783D223731302E302220793D223136372E35222F3E0A20202020202020203C6F6D6764693A776179706F696E7420783D223739302E302220793D223136322E35222F3E0A20202020202020203C62706D6E64693A42504D4E4C6162656C3E0A202020202020202020203C6F6D6764633A426F756E6473206865696768743D22302E30222077696474683D22302E302220783D22302E302220793D22302E30222F3E0A20202020202020203C2F62706D6E64693A42504D4E4C6162656C3E0A2020202020203C2F62706D6E64693A42504D4E456467653E0A202020203C2F62706D6E64693A42504D4E506C616E653E0A20203C2F62706D6E64693A42504D4E4469616772616D3E0A3C2F646566696E6974696F6E733E0A, 0);
INSERT INTO `act_ge_bytearray` VALUES ('3', 1, 'processes/leave.leaveProce_ID.png', '1', 0x89504E470D0A1A0A0000000D49484452000004A100000221080600000096A7A9C500005DEC4944415478DAECDD0B909C659928FE9C14CBE1E4B01E8AB2A42C8AA2284BCAB2288A2D9782F2581ACBC2327AA26E26FDBDFDF564E2B0C10141B2B078B0E4903FC3D1425773C415CE2205EA2A142E5AAE0B5E0E900B81C84540052472958B011212AE49C83DD3FFE7CDF6B831C92493CCF44C5F7EBFAAA77AA67B2EDDCFF775F7F33DFD7EEF3B650A0000000000000000404738EF9B4BEB7B0BB74FCCED000000005D616F0D91DD9B286E6FDEED000000005D419348130A000000A0E9348934A1000000009A4E9348130A000000A0E9348934A1000000009ACEEA7556C703000000000000000000000000000000000000000000A00B98381B00000080A6DB5BC349130A0000008071A5090500000040D3694201000000D0749A5000000000349D2614000000004D67753C0000000000000000000000000000000000000000000000000000000000000000000000000000000000000000000000000000000000003A48BD5E3FECE9A79F5E79CF3DF7D4972C59525FB4689198E058BC7871FDCE3BEF1C8AB8CA1E0900000074A4DC805ABE7C797DCD9A35F52D5BB688498AB56BD7D6972D5B36B478F1E285F64A000000A0E3E411501A50ADD3885AB468D1167B25000000D071F229781A40AD13F9F43C7B25000000D07172D343F347130A000000A0A946DB84DAF0FAAAFAD3F77FB7BE62F1FFDE19F9EB7C9DC6912614000000C07E8DA609B5FEB517EA8FDCBAA0FED0CFFFE79F45BE2EDFA679A40905000000B04FA36942AD5C71F31E0DA8E1787EC54F358F34A100000000F66D344DA8476FFF87119B50F936CD234D28000000807D1A4D13EA9145832336A1F26D9A479A5000000000FBA409A50905000000D074A36942E5D5F0466A42E5DB348F34A100000000F669344DA827EFBA72C42654BE4DF348130A000000609F46D3847AE58587EB8FDC76C99EA7E2C575F936CD234D28000000807D1A4D132AC7330F7C7F8F2654BE4EE348130A00000060BF46D584DABCB9FEE4DD57ED792A5E5C976FD33CD28402000000D8A7FD35A1D6BFF642FD89BBAE18714EA87C5BFE190D244D2800000080118DD884DABCB9BEEAC9A5F5DFDD72D1880DA8E1C83F937FD6A8284D2800000080BDDA5B136A7FA39F8C8AD2840200000038207B6B428D66F4D3BE46456926694201000000FC99BD35A10EB601351C9A499A50000000007F6654ABE3094D2800000080B1D084D28402000000683A4D284D2800000080A6D384D28402000000683A4D284D2800000080A6D384D28402000000683A4D284D2800000080A6D384D2840200000068BABD35A1E2EA3FC55FFCC55FD48F3EFAE8FA8F7FFCE3A6365F76FD9FBB46B7DCAE090500000074B47D35A1F2D72B57AEDCF9F57FFB6FFFADE94DA87D5DD7E9B76B42010000001D6DB44DA88F7DEC633BBF7FE59557EA679E7966FDBFFC97FF52FFCFFFF93FD7CF3AEBACFA1B6FBCB1F3B69B6EBAA97EC20927EC1C3D956F7FFFFBDF5FFFC31FFEB0DFDB34A134A1000000800EB7BFD3F1729C78E289F5DFFFFEF73B6FCB0DA87CDD0D37DC50FFD18F7EB4F3EBDC88CAB7E5D152F9FB679E79A67EDF7DF7EDFCFAE4934FDEEF6D9A509A500000004087DBDF48A8071E7860E7D7C71D77DCCEEFF3E8A7FCFDA64D9B7646FE3A5F976FFBEFFFFDBFFF691EA9193366D4FFEFFFFDBFF5B56BD7EEF7364D284D28000000A0C3EDAF0935FC7D6E1EE5AFF3A97453766B42FDD7FFFA5F77DE96BFCF7F6FFEFCF9F5638E3966E76DC71F7FFC7E6FD384D284020000003ADCFE9A508F3DF6D8CEAF4F3AE9A49DDFF7F7F7EF713ADED9679FBDF3B6534E3965E7F7F7DC734FFDC5175FDCF9755E596F7FB769426942010000001D6E7F7342E553EDF288A5BBEEBAEB4F13939F71C6193BAFCF911B50C313933FF7DC73F5BFF99BBFD9395A2A8F9CCA733EDD71C71DFBBD6D6FF3504DD9CB68AC4EBE5D130A000000E8687B6B4289C90B4D28000000A0236942694201000000349D2694261400000040D36942694201000000349D2694261400000040D36942694201000000349D2694261400000040D36942694201000000349D2694261400000040D36942694201000000349D2694261400000040D36942694201000000349D2694261400000040D36942694201000000349D2694261400000040D32D59B244F347130A000000A0B9962F5FBE63CD9A351A402D10CF3FFFFC738B162DDA62AF040000003ACED2A54B2F5BB66CD9D04B2FBD34627364DDBA752DDBB8D9BC7973C734A0162F5EBC2D62A1BD12000000E8488B172FBEF4A69B6EDA78FDF5D7D7BFF5AD6FD5172E5C58FF5FFFEB7FD5CF3FFFFCFAFCF9F3EB679C7146FDFFFDBFFFB7F354B1568B5AAD56BFEDB6DB5AF2BE1D606CD180020000003A4EB55ABD276265C4A688FA3E62535996A7B5E8633826A534646B02000000B4A86AB57AC37E9A4F39360C0E0E1ED2C28FE19488EDB626000000400BCB4DA67D35A1524AC7B7F2FD2F8AE293711F37DB92000000002D6CF6ECD91FCAA7B38DD0845AD6EAF7BF2CCB3323D6D992000000002D2EA5F4BDBD34A0B6F7F7F71FD1EAF73DEEE78288B5B622000000400BABD56A97E48653C4B6DD4EC3FB613BDCFFB22CBF11F7F7395B12000000A005CD9A35EBED29A5C71ACDA7F979EEA7B8DCD16842AD9F3E7DFA61EDF038E2BE5E17F1A82D0A000000D062CAB23CAFD17C7A34BE3E6AF8FA5AAD76556E42E5DBDBE5B1C4FDFD69C47DB62A000000408BA8542A47A6947ED338FD6EC1DE7E26AEBFA19D1E53DCDFE5114B6C5D00000080165096E5E9115BAAD5EAB37D7D7DC775CAE38AC7F360C48F6D61000000804934303030AD5AADFEB22CCB1D29A5859DF6F8E2B13D1571AD2D0D00000030496AB5DAAC94D2C66AB5BA2A2E4FE8C4C7188FED8588AFD8DA0000000013AC52A91C9A52BA258F7EEAF45142F1F85E8DF89CAD0E0000003081CAB23C2DA5B4AE5AADBE12714AA73FDE788C1B22FA6C7900000080893135A5F4C36AB59A473FDD98BFEF86071D8F756B6EBCD9FC000000004D96523A358F7CCA23A0BAAD21939B6E9D3ADF1500000040CB288AE2DB8DB99F7E3138387848B73DFE78DCF5FEFEFE23EC09000000004D9047FF44ACCEABDFE555F0BA3107954AE5F0DC84B23700000000344151145F6FCCFDB47C6060605AB7E621A5747CCE833D02000000601CA594DE51AD569F8DD85214C5A7BA3D1F91830FE689C9ED1900000000E3A456AB5D52AD56B747FCDA1C48FFAE0C918F8D32010000003046B366CD7A7B4AE9B16AB5BA2D62BE8CFC87B22CCF8BDCBC26130000000063909B2C8DE6D3A3F1F55132B2477EBE14B95925130000000007A152A91C9952FA4DE3F4BB0532B27791A36F453C2D130000000007A82CCBD323B6E409C8FBFAFA8E939191458E6E4C293D2C1300000000A334303030AD5AADFEB22CCB1D29A58532B27F91AFDB22EE96090000008051A8D56AB3524A1BF3FC467179828C8C4EE4EB9E885FC804000000C03E542A9543534AB7E4D14FD56AF55A19393091BB15113F900900000080119465795A4A695DB55A7D25E21419397091B76722AE9409000000803D4D4D29FDB05AADE6D14F37E6EFA5E4E044FE5E8A5C5E2A1300000000BB48299D9A473EE511507924948C8C4DE4F2F588736402000000A0A1288A6F37E67EFAC5E0E0E02132327691CB4D11B36502000000E87A79B5BB88D579F5BBBC0A9E8C8C9F6AB5BAAD2CCBF7C904000000D0D58AA2F87A63EEA7E5030303D364647C455E87FAFAFA8E9309000000A02BA594DE51AD569F8DD85214C5A764A43922BFF54AA572A84C000000005DA756AB5D52AD56B747FCBABFBFFF0819698EBEBEBEB7E526944C000000005D65D6AC596F4F293D96E7298A982F23CD1539FEAB7CAAA34C000000005DA32CCBF31ACDA747E3EBA364A4F96AB5DA47F3E98E320100000074BC4AA572644AE9378DD3EF16C8C8C4897CFF6DC40699000000003A5A5996A7476CC913905BA16DE245DE3F1FF1B24C000000001D696060605AB55AFD6559963B524A0B656472E4DC473C2F1300000040C7A9D56AB3524A1BABD5EAAAB83C4146264F5996DF89EDF0B84C000000001DA352A91C9A52BA258F7EAA56ABD7CAC8E48BEDF06F793E2E99000000003A425996A7A594D655ABD557224E9191D610DBE2F688653201000000B4BBA929A51F56ABD53CFAE9C6FCBD94B48ED826BF2E8AE2269900000000DA564AE9D43CF2298F80CA23A164A4F5E4F9A022FE592600000080B65414C5B71B733FFD627070F01019694DB17D56C6B6FABA4C000000006D25AF7617B13AAF7E9757C19391D65696E5CB45517C412600000080F1726CB3FF411E51D398FB69F9C0C0C034296F7DB1ADD647FCAD4C0000008C41BD5E3FECE9A79F5E79CF3DF7D4972C59525FB4689168D158BC7871FDCE3BEF1C8AB8CA9EDB1417E6A744C4A5CDF8E329A57754ABD56723B61445F129E96E1FB1CD36477C4C26000000C62037A0962F5F5E5FB3664D7DCB962DA2C563EDDAB5F565CB960D2D5EBC78A1BD775CE506D450C46F1A97E3DA88AAD56A9754ABD5ED7995B5FEFEFE23A4BBBD34B6DD5FC9040000C018E411501A50EDD7885AB468D1167BEFB8196E400D379E2E9E324E8DA859B366BD3DA5F458B55ADD16315FAADB536CBB7A599647C9040000C018E453F03476DA2FF2E979F6DE71B17B036A7FD78F5A5996E7359A4F8F6A60B4AF4AA572686E42C9040000C018E56686A68E265497DA5FA369F8F68B0FB06971644AE9378D53B81648737BEBEBEB3B2EB6E7904C0000741193270B13344F6E136AC3EBABEA4FDFFFDDFA8AC5FF7B67E4AFF3751A429A501DDA801A7640A7E69565797AC4963C01796E5E4873FB9B3367CE7B534ADB640200A08B983C5998A079F29A50EB5F7BA1FEC8AD0BEA0FFDFC7FFE59E4EBF26DF6474DA80E6D40EDDA88DA31651F23A2060606A655ABD55F9665B923A5E435A983C4769D1DB149260000BA88C99385099A27AF09B572C5CD7B34A086E3F9153FB52F6A427572036AD7DFDBB1B7DFABD56AB3524A1BABD5EAAAB83C418A3B4B599667C7B67D43260000BA88C9938583F1C96B423D7AFB3F8CD884CAB7D90FEDF71DDE80DAFDF7778E88CA1356A7946EC9A39FAAD5EAB5D2DB9962DB0EC6765E231300000E948570303E01CFAD47160D8ED884CAB7D90FEDF76DD8809A1A714DE3725F76FFB99D73441D77DC71D7A794D655ABD557224E91DE8E6E425D91E7F89209000007CA264F160EC635A1ECF71C4C03EAF1887AE372EA3E1A507BFCDCB469D3063FFEF18FD73FF0810FFC6E144D2CDABF0975434A69854C000038503679B270303E01CFADDCD01DA909956FB31FDAEFDBA801955DD3682CD5F7D188DAB501351C570FDF981B5153C6766A1F6DA22CCB9FA794EE9509000007CA264F160EC627E0B9F5E45D578EF8DCCAB7D90FEDF7CDD6DFDF7FC43835A0466A30EDDA88DADFEDC32ED688EA7CD56AF5AE94D22299000070A06CF264A1093501CFAD575E78B8FEC86D97EC39CA30AECBB7D90FEDF7CD9652FA66B55A5D1F973F8C387E0C0DA8FD35A20E1965036AD7FFB34323AAA39B500FE5FD4E2600001C289BB74668424DC0732BC7330F7C7F8FE755BECE3E68BF9F0865599E5DAD56EBBBC493BDBDBDE9201B50FB6A446D398006D4EE8DA88BBDA2746413EA0F29A5AB650200C081B22694D0849A8826D4E6CDF527EFBE6ACF53F1E2BA7C9BFDD07E3F014DA8F7EDD684DA1971FD6B7179ED2EA7EB8DB601B5AF46D48134A0863935AF739B50AB222E9309000007CA264F169A504D7E6EE549FD9FB8EB8A119F5BF93613FFDBEF9B2D3799F6D684DA25767CFCE31F7F22378FFED37FFA4F07BA92593E056FF711505B1AD71F885B1ABF7BAC5796CE911B9D11E7C9040080036593270B4DA8663DB7366FAEAF7A7269FD77B75C34E2F36A38F2CFE49F352ACA7EDF2453534AEF8818DA4F23AAFE810F7C60E82FFEE22FEA53A74E5D30DABF3D657C47427DD9AB4A6789FDEACD889A4C000038503679B2D0846AC2736B7FA39F8C8AB2DF8FC381FD31B367CFFE50599667467C39BEFF7E5E812CBEFE6D7CFD6CC42B119BE2FB1D8D06D33E1B50F1BBABF3BC513D3D3DEF9A3A75EAE7A74CEC9C50B9016572F2CE6D426D2D8AE283320100A00965F264A109D584E7D668463FED6B5494FDB2FBF6FBBEBEBEB7C581FAFBCBB23C3DA574695C7E270EDE7F11970F3426765E1B971B23B6379A46B9A9B4352ED7E53977E2F2B1B8BC2BFEC6BFC6E5957179615C57A9D56A274D9F3EFDB0463360C35E1A505BF2CFEEE52E4DE4EA7843534C4ADEC94DA81DB9B9291300009A50264F169A504D786E1D6C036A38EC97EDBFDF37E6603AA52CCB397179715E1D2C2E7F1A97F7E695E9E2724D6E0AC5E5B65D1A42DB1A8DA297E2F79EC83F1B9737C7E5B7F2DFC8A734E5BF3963C68CB71C643360F52E239F86E26F7F6F9709C9476A10ED6DD5BAA9FB6934EDEFF63FF5DEA65815AF1B9A50F54AA572B84C00006842993C5968424D448357B4FD7E3F3030302D8F2ACAA38BE2A0FAF379B45159963F89CBBB1BA390F20A60EBF3E8A45D4E7DCBA396DE6C8C62CAA399EECFA39B8AA2F8765C0EE6514F79D5BA993367BE7522F6D5C6FDCCF7EBC99E9E9E1347F96BC37335EDDA28BA66140DA6BD35A2AEDEADC195FFEE42AF229D6B78427C99000070A06CF264A109A509D5B571DB6DB7D57B7B7BDF5D14C52723CE2FCBF21B29A51FC601F39D71B9222E5F8878239FAEB64B5329CFAFB4A931DFD2B38DF9976ECBF331E525E8233E9DE7699A3B77EED1ADB8AFC6FDBB369FEA7710BFBAFBA979BB3698F675AADD483FA701D525F2732C3F6F640200C081B2C993852694265457C6E6CD9B7303AA9E27ED4E296DCE4BC8C781F21FE3EB872396C6D737D46AB5AFC5E539954AE5237965B929A35FE5AD535DBC9746D4D5A3C8CBEE3FB7FBDFA183C573EBB488AD320100E040D9E4C942136A04F954A56AB5BA380E9E8ED284B2DFF32723CD1175B08D2C3ABF093527A5F4A64C00006842993C5938181FF9C0E97DC3933747DC1271BC2694FD9E3135922E9CA201D58DAFA51744BC2A1300009A504238181FF9C0E9A8BD2C657F5F9E3FC873CB7ECF01379434A0BAF7B5F4CBF1DAF9A24C0000684209E1607C1FF6D2841A8EE7766D46796ED9EFBB541E11B5DF53F3A64D9B3630C524E4DDDC84BA26E229990000D08412C2C1F8C135A186636D4AE90CCF2DFB7D17DBE708A7430F3DF4FFFB9BBFF99BFA5FFEE55F5E2D555DDB84FA51BC4E3E281300009A5042B4CDC178A552397CD6AC596FEFEFEF7F67AD563B29CFD91407361F8EAF67E5896FABD5EAA7E3F2BCA228BE10D77DB1B1B2D9157949FA88EBF28150C4CDF1F5AD11CB22EE8EEF1F88CB87227E1FF154C4B3112F44AC8EDB5E1E45136A678CE6B935E5DF97A8DF23DC3E31B76B424D4A236AE7DC513367CE7C239E4FDF93A6EE94177888F8A54C0000684209F1A783F1C968F2C4DF7F2D625D7CFF66C4A6882DF1FDB6B8DC1131D4885D1B3E7992F0A1C6EDF9E7B6E4DFCB2B2FE5BF137FF3B5C6DF5D1DF17CE3FF3D99FF7FFE243EE2FE7CBF226ECFF7331ECB4D71DD0F1BF7FF9AFC78E2FBAF465C9A1FE73E1A4F5B236E8C7C1D9BF336DA26D4BEAE737B736FD7849AB046D4C5BB34A0769EAA17CF95CB225E97A2EE14AFADBF8AD7D39FC90400802694103B63129B3CF373732BA296E758CA4DAF3973E6BC3737C1E2EB77E4C9C1739367B29E338D3CFC293F39377944477F7FFF1107FADCD224D284EA02C3ABE62D6B5C7E395F393030302D3F97F2735B8ABA4F7E7F88D7CDEB65020040134A0807E3FB3E78DAB64B136AD9BC79F38E3DD8E7962691265497C823A2EAC30DA86129A5DFC573E836E9E9CAD7D1E762FB7F5326000034A1847030BEEF83A77C7AE06F228E1FEB734B934813AA8B1CBB97E7521EF1B8596ABAF275744DC402990000D0846A8B98D28113226B42B58791463E6942694271E0CAB2DC9AE7979389AEDBEE6F144571964C00006842B54D13AAD30E7E35A1BAEFB9A549A409D5EDF25C716559FE5626BA6EBB6FCA73FEC904008003654D284D2807E313D8849AD2C623FAA674E08844FBFDC49A3D7BF687F204E5954AE550D9E8AA26D4F694D2A9320100E04059134A13CAC178173FB7CC8566BF9F6879954DF303755D132AAFB87A8C4C00003850D684D2847230AE09A509C584A9D56AFF52AD569F9589AE3135AF2E3A383878885400003850D684D2847230AE09A509C584E9EFEF7F674A69A82CCBA364A3F3CD9A35EBED7924944C00003850D684D2847230AE09A509C584AB56ABABCAB2BC46263A5F6F6FEFC9794E2899000070A0DC564DA8291D3621B28371CF2D61BFEF5629A585D56AF51599E87C4551CC8C6DBD592600001C280BE160DC73CB7ECF849B3163C65BF2295A954AE53DB2D1D9623B7F3A62BD4C0000385016C2C1B8E796FD9E4991527AAC288A9FC94467ABD56A17C5B65E2B1300000E94857030EEB965BF67B29A50E756ABD54D32D1D9CAB2BC3C62A54C0000385016C2C1B8E796FD9EC93235A5B4AD5AADCE968A8E6E427D2F8F7A9309000007CA423818F7DCB2DF3369AAD5EA5D11F7C9444737A16E8E78402600001C280BE160DC73CB7ECFA4A9D56A1FAD56ABDB0707070F918D8E6D42DD91525A2A1300000E94857030EEB965BF675255ABD50D45515C28131DDB84FA6DC44F640200C081B2100EC63DB7ECF74CAAA228FEB55AAD3E25131DDB847A22B6F1B7650200C081B2100EC63DB7ECF74CAADEDEDE77A7948666CE9CF956D9E83CD56AF585D8BE5F9509000007CA423818F7DCB2DFD30A8D8A351157CA44476EDB579C6E0900E040590807E3E368C99225F623FB3D07DFA8B82237A264A223B76D9EF3EB53320100A009258483F171B27CF9F21D6BD6ACB12FB5513CFFFCF3CFC57EBFC5DE3BF9F2A978D56A7528A574826C745C136A4BA552F9884C0000684209A109354E962E5D7AD9B265CB865E7AE925FB539B34A0162F5EBC2D62A1BDB7659A154FE549CA65A2B39465B9A3A7A7E744990000D0841242136A1C2D5EBCF8D2C8E3869C4BD1F2B14503AAE59A509F4B29BD29131DB75DEB269D0700D0841242130A68198383838754ABD5ED111F938DCE307DFAF4C372134A260000BA94C993852614D0AACAB2FC55B55ABD4B263A437F7FFF3BF35C5F320100D0A54C9E2C4CD00CB4AA5AAD362BA5B42DBE9C2A1BEDAF288AF757ABD56D320100D025F250F828EAAF8AA27E615996E75D7DF5D58B962E5D3AB47AF56ACD17618266A0E554ABD54DF19E75AE4CB4BFDEDEDE14DB73A34C0000745741FF4A9E9361382EBCF0C2FA0F7EF083FAADB7DE6A7262618266A0D5DEB37E9A527A4C26DA5F6E26C6F67C5D260000BAABA0BF78D726D43EE2573D3D3DEF92310026F13DEBAFF23C42FDFDFD47C8467BABD56A5F8C6DB95A260000BAAFA8DF3252F329A5542F832C01D022EF59AFE4D3C865A2BDC536FCA7282F9E91090080EE2BE86F18A90995E78A9221005A454AE9EA787F5A2513EDAD56ABFD4B6CC747640200A08BCC9C39F3AD5104FEEB080DA89FC81000AD24DE9B8E4A29E553F2DE291BED2BB6E12D516BDC23130000DD51FC1D1F85FC1D113BE2EBE77321B8DB69784FE7D5F3640A805613EF53CFE4913432D1D6DB30D71DB7CA040040072B8AE2FD29A587F3C4AE11BF2FCBF2B47CFDF027CB8D26D4A6FCBD6C01D08A1A8B6AAC9789F61535C7EF341201003A549E5C3C0AF6E7227644DC15C5DF097B29EAF3A7923B66CF9EFD211903A055552A9543F3485EEF576D5D973C932727970900800E5214C585D56AF5E588EDF1F54DFB1AE1D4DBDB7B72FE7459D600687529A5DFC47BD6329968DBEDB7BA56AB7D51260000DA5CE313E26F4471FE6614799BE3EB6B060606A6C90C009D22DEDBE6C4FBDC5699684FB1ED5E8F1AE55C9900006853954AE5C8C692C75B7371173118574F9519003A51BCCF6D8EF8B44CB4E5B6DBD8DBDB9B640200A0CDE465AA534A4B1BF33DBD185F9F212B0074BABCBA5AC42332D196DB6E5B5E2C45260000DAC49C3973DE1B45DC8379A5BB94D263954AE523B20240B788F7BE53F307304E396F3FB976C91FA2C9040040EB17DD95C6AA32437945BB5AAD7692AC00D0A5EF89AFC57BE16532D15E629BD5A74F9F7E984C0000B4A8A228CE8F627B6D63A5BB9FCD9D3BF7685901A09B9565F9BD786F7C5E26DAC7CC9933DF9A9B50320100D0620607070F89E27A61146B1BF204AC45517CBB52A91C2E3300B07344CD31F9D4AE79F3E61D2B1BEDA1A7A7E7C4B22C77C80400408BE8EFEF3F228AEA1BA248DB1AB12EE24B53AC7407007B88F7C895F19EF97D99680F790ECBD85E5B6402006092F5F5F51D97525A943F218C026D55511467C90A008C2C7F5013EF99AFCB447B88DAE6537984B74C00004C9228C64E89F8753EA5208AE927E2F263B20200FB9757C7CB1FDEE4556365A3F515457161D439AFC80400C0C417629F8C42EC0F8D95EEEEAB542AEF9115003830F13EFA701E492C136DB1ADBE1A35CF0B320100307105D8B9116BA208DB1197B7E489556505000EFA7DF50CF30CB587BCC84A6CAB27650200A0891A2BDDE54FFFD6E742392F2B3D63C68CB7C80C008C5D5ECC23DE5FFB64A2B51545F1AFB1AD7E2B1300004D901B4D79D59EDC786A34A0BE921B52320300E327DE5F6F8F7850265A5B4A69696CA73B650200601CCD9B37EFD8C6A97679A5BB97F22978B20200CD5114C507F37BEEF4E9D30F938DD615F5D0FD6559DE2C130000E3204F2E9E0BACC64A774FE5C9C76505009A2FDE77D7D56AB54B64A275458DF4589E9240260000C6A0288A9979A2CDDC7C8AF8756F6FEFC9B202001327A5F483780F7E56265A576C9F3F966579B94C00001C8428A4CE8EA277755CE6D3EE6EEBEBEB3B4E560060E2C5FBF13BF28741B366CD7ABB6CB4EC365A5BABD52E92090080D19B1A45EE6579D87F5E8D27E2FAFEFEFE23A405002657BC3FAF8AB856265A76FBE4455A3E2D130000FB51A9540E2FCBF23B8D95EE36A494165AE90E005A47AD56FB5ABC47BF2213AD29B6CDE63C85814C00008C60EEDCB94747C1F4B3289CB647AC2DCBF23C590180D63363C68CB7E453F2F24221B2D17A722D65DE4C0080BDA8D56A27A594EE8DC82BDD3D1385D36C590180D616EFD78FC6FBF6CF65A225B78D39BB00007655ABD53E1A45D2E3B9508A22F6B729A553650500DA43BC7F9F13B149265A4B9EC220B64B3DBE9C2A1B0080A2B55AFD74C48B1179A5BB2579951D590180B6931710D916EFE315A968A93AEB98FC019F4C00005D5DA846917A6914456F446CADD56AFF52A9548E941600685FF19EFECB88FB64A275E491E5794E28990000BACEC0C0C0B4B22CAFC9ABB444BC195F5F5EA9540E951900687FF19EFE91DCF0B08A6DEB288AE2934E930400BA4A9E0CB32CCB9B1B2BDDBD1CF139590180CE13EFF11B223E2F13ADA1288AB3A2065B27130040C74B299D1085E8DD8DF99E9EEDEDED4DB202009D2BDEEF7F5C96E55332D132DB6341C41A9900003A56149FA745C1F3FB3C1166C443F1FDFB6405003A5F6F6FEFBB534A433367CE7CAB6C4CBED816DF8C5AEC399900003A4E5996A747A1F34263E4D3B2287C8E971500E82EF1FEBF26EA802B6562F2C576B82E7F30281300402715380BA2E07CADB134F30F7DFA0900DDAB31FA66AD4C4CBEA2287E66C54200A0ED4D9F3EFDB02832BF95575C89CB8D71798595EE0080A8078ECCA7E4E7B921656372C576581EB158260080B65496E551113FC9A39E225E298AE20BB20200EC2A6A842773BD2013932BA5F4606C871FC90400D056F244A3F9D3B42864F27C4F7F8CCB39B20200EC4DD4091744BDF0A64C4CAED8064FC5B6B846260080B65014C507534A2B1A2BDD3D92BF971500605F0607070F89BA617BD40D336563F2C43678B12CCB2FCB0400D0EA454B5F142D2B1B239F96F7F4F4BC4B560080D14A29DD1B35C4DD323179A28E7B358F4A930900A025D56AB58BA2607C35CFF95414C5BFF6F5F5BD4D560080031575C427733D115F4E958DC991527AD3140A00404BC92BDD45917865445EE56E53AD56BB2A5F273300C058346A8BF9323139CAB2DC1A719A4C0000936EE6CC996FCD2BA6E44F29E3F2B5B85C202B00C07889FAE2E6A82F1E9789C911B9DF91179791090060D2A4948E8FA2F08E3CDF537CFD7C5C9E2E2B00C078AB56AB7F951737E9EFEF3F42362625FF75B9070026455114EF4F293DDC58E9EEF786670300CD1635C7CB51837C5D262656A552393C37A16402009850658822E4B93C243BE2AE94D209B202004C84A83BBE15B15A2626565ED938D77E3201004C88A2282ECC9F3E466C8FAF6F2ACBF2285901002652AE3F524A43793A00D998D03AF08351036E950900A0692A95CAA151EC7D238A8E37A3D8DB1C5F5F333030304D660080C912F5C833519BDC28131327F25DCBAB13CA040030EE2A95CA91B55AED5FF2275E11AF470CC6D553650600986C51975C1CB15E26264E5996E7E5D58F6502001837FDFDFDEF4C292D6DCCF7F4627C7D86AC0000ADA431527B874551264ED4859745AC92090060CCE6CC99F3DE282C1ECC2BDDA5941E8BE2EE23B20200B4AAA8597E5D96E51D323131F284F091F33FC80400309682A292E755C8137C4661714FAD563B4956008056D798A3C844D9135733FE30E2619900000E585114E74721B1B6B1D2DDCFE6CE9D7BB4AC0000ED24EA98BC68CA99323121B9BE2DE22E99000046657070F09094D2C2282036E4A2AD288A6F572A95C3650600684751D7DC12B142262624D7F79665F973990000F6A9BFBFFF886AB57A43140E5B23D6457C698A95EE00803697523A352FA6E243B509C9F58A5C4FCA0400B0577D7D7DC745C1B028AF1E935733298AE22C5901003A49D439AF457C59269A2B6AC96723AE90090060F722E194BC624C5EE92E8AB227E2F263B202007468DDF3CF112FC84473A594D6449E07650200D8A9288A4FE6A5731B2BDDDD57A954DE232B0040278B9AE798FCC1DBBC79F38E958DA6E6F98DB22CCF960900E87229A5731B9F4EEDC81374E6624C5600806E11B5CF1F23AE9389A6E67853C46C9900802ED458E9EEAB510CAC8FD85296E5F766CC98F116990100BA4DAD56FB62D443AFCB44F344DDB96DCE9C39EF9509E080D5EBF5C39E7EFAE995F7DC734F7DC99225F5458B1689368FC58B17D7EFBCF3CEA188ABECE19D2D379AA2C8FA7E6E3C351A505FC90D29990100BAD5C0C0C0B4BC104BC4FB64A339F2740F79D11B99000E586E402D5FBEBCBE66CD9AFA962D5B4487C4DAB56BEBCB962D1B5ABC78F1427B79E7C9F31C344EB5CB2BDDBD944FC1931500803F35491E8E1A69B14C3447E4B65EA9540E9509E080E511501A509DDB885AB468D1167B79E7C8938B4751757F63A5BBA7F2E4E3B20200B04793E46FA35652073741E4F5A8DC849209E0A0E453F0346C3A37F2E979F6F2F65714C5CC78B37F32379F227EDDDBDB7BB2AC00008C2C6AA6AD51437D4A26C63DAF7F15B15D268083929B149A359A50B4A6BCF46D4A69759ED720DEEC6F73EE3D00C0E8440DB534E24199185F51937E2CCF472A135DAA5EAF1F71EBADB7FEDB95575EB961E1C28543175C7041BDBFBFBF9E87C7C5C14AFDFCF3CFAF2F58B060EBA5975EFAC2FCF9F3FF5EC6D8DD689B501B5E5F557FFAFEEFD6572CFEDF3B237F9DAFD3E8D18462DC4D8DD7F0CBCAB25C17B135E2FA785D3F425A0000462F6AA80FE4F933A74F9F7E986C8C9F7CAA635E104726BACC8B2FBED87BDD75D7ADFBBBBFFBBBFAD9679F5DFFEE77BF5BBFF7DE7BEBAB56ADAA6FDAB4A99E6DDDBA75E75C3FF7DF7F7FFDFAEBAFAF7FE6339FA97FF6B39F1DBAE8A28BEECCE771CA22D9689A50EB5F7BA1FEC8AD0BEA0FFDFC7FFE59E4EBF26D9A3D9A508C5DA552393C5E9BBFD358E96E434A69A195EE00000E5EFE502FEAAA4199183F45517C2172FAB24C74897ABD7ED4D2A54B5F3EF7DC73EB0B172EAC3FFCF0C33B9B4DA3B562C58AFA95575E593FE38C33EA175C70C1A532CA689A502B57DCBC47036A389E5FF153CD1E4D28C660EEDCB947C79BF9CFF2B9F5116BA3583A4F560000C62E6AAB1B229E9389F1933F288D9CAE94892E90473FFDE33FFEE3D079E79D577FF0C107EB63F1D8638FD5E7CF9F5F3FEBACB35E729A47771B4D13EAD1DBFF61C42654BE4DB347138A0357ABD54E8A37F17B23F24A77CFC49BF96C59010018D786C93BF2C22EB366CD7ABB6C8C8FC8E73F473C2E131D6EFDFAF5F3172C5850FFE637BF595FB76E5D7D3CE4D3F6F2DF3BE79C735E777A5EF71A4D13EA9145832336A1F26D9A3D9A506DE0D8166A3E7D34BF71E782285E7B7F1BC5D1A9360F0040D39A262F1645F16D9918B77CFE5B5EAD59263A581E01951B505FFDEA57EBDBB76FAF8FB7ABAEBA2A8F887AD5846DDD49134A13AA0B5C1891F330A9A720C79BF5A773119427C88C58923F99B36900009A2B6AAEAF46EDF5AA4C8C5B4DBB2CE27699E850790EA87C0A5E1EB1D48C06D4B06F7CE31BF53973E6385756136AAF9157C31BA909956FD3ECD1846AF106D450C46F1A9713DD889A1A85CFA5F146FD46C4D65AADF62F954AE548AF3C00001363C68C196FC9D31FF4F6F69E2C1B6317B9FC4D1E0D25131D2A4F429EE7801AAF53F0F6756ADE673EF3992113E26A42ED2D9EBCEBCA119B50F936CD1E4DA8166F400D379E2E9EA846D4C0C0C0B4783DBD26DEA03747BC195F5F5EA9540EF58A030030F1A21EFB7DD4633F978971C9E5E379456799E840F934BCBC0A5E5E016F22E4C9CA7B7B7B77981F4A136AF778E58587EB8FDC76C99EA7E2C575F936CD1E4DA8366840EDEFFA719127BD8CD7D09B1B2BDDBD1CF139AF320000932BEAB3B3A32EDB24136397527A3EAF9027131DE8BAEBAE5BB770E1C2FA44FAD297BEB4359E9C3F957D4DA8DDE39907BEBF47132A5FA7D1A309D5460DA8DD6FBF781CDF8C4F88D7CEBB1BF33D3DDBDBDB9BBCBA0000B48CA951A36D53A38D5DE383D6CFCB4487A9D7EB47FCDDDFFDDD848D821AF6E8A38FD6CBB2DC6692724DA83F8BCD9BEB4FDE7DD59EA7E2C575F936CD1E4DA8366A400D1B9753F3E2F5F2B43CBC3BAF7417F1507CFF3EAF2A00002DD93C599E52BA5F26C69CC70D117F2B139DD718F8D9D9679FDDD4C9C847D2DFDFBF239E9C67D80A9A5039D6BFF642FD89BBAE18714EA87C5BFE190D1F4DA8366A40EDDA88DA31E52046449565797ABCF9BED018F9B42C5E338FF76A0200D0BA2A95CA4772ED669ECE3137A1B6D46AB58FCA4487B9F2CA2B377CF7BBDFAD4F86CB2FBF7C63EE12DB0A5DDE84DABCB9BEEAC9A5F5DFDD72D1880DA8E1C83F937FD6A8284DA8366A40EDFA7B3B46FB7BF1DAB820A5F45A1ECE1D973F9C3973E65BBD8A0000B44D03658353C9C69CC3FC21EC5FC9448759B870E1D0BDF7DE3B294DA8BBEFBE3B4FA8BBD256E8DE26D4FE463F1915A509D5210DA8DD7F7FAF23A2F2E9C929A56FE5C92CE33237E9AFF0091A0040FB29CBF24751CBFD4126C6D484AAF7F5F5BD4D263ACC05175C505FB56AD5A434A15E7EF9E53CB7C9165BA17B9B50A319FDB4AF51519A3F9A5093D8809A1A714DE3725F76FFB93DE688CA2B8546FC248F7A8A78A5288A2F78C50000685F3D3D3DEF4A290D69A21C9CFC416C6E42C944078A27457DD3A64D93D284DABA756BDD8ED5FE463B41F2DE9A5007DB801A0ECD1F4DA8496C403D1E516F5C4EDD47036A6F3FB7F3EF1D75D451FF984F498EE7501E6AFCC7B89CE3150500A033447DF7524AE99F64E2A0FA14C7E5057964A2339F18F5C9A409D511FB501EBDB1727FCDA851AD8E2734A19AA0A7A7E7C4D84717E71147E3D080CAAE693496EAFB6844EDDA801A8EAB876F9C366DDAE0273EF189FA8C1933D61445F141AF2400009D256ACF6FA494D6CAC441E5EE7D91BB6D32D1813EF5A94F4DDA48A83870CDA7E3ED6C44E5A18A8DD100B9A1B13962635CB72E2E5F8DCB357975A8B8FD99B87C3CBE7F382EEF6B2C7DB9280EE06EAAD56AFF12B77F27CFA112F1953CA96F7C7F5E5E7DAFB7B737E5150AE6CC99F3DEF8FE84B973E71E1DDF1F6EEB8F6B136A783B3E36D2EA5D9A509A5093F92636FC3A1371CB01AC3037D21C507B6B30EDDA88DADFEDC38DA82F4D19DB1C530000B4A838E63C328FE6C91F88CAC6011F63CECEF3A4CA4407FAFBBFFFFB499B136ACD9A355BF39C50FDFDFD47CC9B37EFD8FCE42C8AE2FD71DDC7CA7F7766C405B55AED9288AFE5A18C71DB3FE795A2E2F2A7796443C45DF1330FC475BFCB0DAA88671BCB99AF89EBF3CA52EBF304BFF1F596DC49CD33ECE703D1E1A64923F2F77992F4AD71DBE68837E3EB37F2DC2C11ABE37757E649E5221E8DDB1E8CB837AEBB23BEBFB5318FCB0D11D7E64E775C5E16F7F5A2F899731B4BABCF8ECBD3E2F2947C5E701E8991271FEEA47D68F77C361A8A3FD9FD716A4269424D6213EAA8DD9EF339EE8BD79B4F1E44036A7F8DA84346D380DAEDFF8C7AD53C0000DA47D4A14F44DDF96F3271C04DA873F231B94C74A04B2EB964CB64AD8E77EBADB7AE99CCD5F10607070FC9CB9EA794DE91977ECCA7C4D46AB54FE4795922CE8EEF2F8CDB2E8DCBAF3756ACFA7EC48FE3B69FC7F74BE3EB7BE2F237112BE2EBA7229E8B5815B7BF1C97AF3796E5DC949B5B8D26D78E46C36BD7E6D78EE10658E367F3EFBCDEF81BAB1A7FF3A9FC3FF2FFCAFF33E2F67C1FF27D89B82EDFB77C1FE3BE7F31DFE77CDFE3FABE7C809D1F53A552794F7F7FFF3BF363CD8FB9092F10F511624BDCA7AB34A134A15AE48D6CA4FDF4B9BD34A346BB0ADEDE1A515B0EA001B57B23EA62EF4A00009D23EACCF3F3593E3271C0B5FB609E534B263AD017BFF8C5E7BEFBDDEF4E4A136AC18205ABF32975DD98F73CDB7F1E9D914F0BEAEDED3D398F96AAD56AB3E245EA537914555E1D2BAEFB521E5D15714DC4F57974513E952872B62C8FC68ACB07237E9F4769E5D15A71DDEAC6E8AD3C8A6B431ED5B54B036C8FD14A8D06D8B63C4A2CBF30E651638DD1636B235ECCA3CA1A9DFB47F268B33CEA2C62491E859647A3C575DF6B8C4EABEF27F2A995FFA009A509D5A24DA8E1589B4FDF3D8006D4BE1A5107D2801A76F114A7E6010074943C08201F8FC5F1DD4CD938A0DAFDCA886764A203CD9F3FFFF4CF7CE633F5EDDBB74F7813AA2CCB6D8D833E26B60176789E17ABB7B7F7DD799EAC3C5F566C874ADE16791EAD78B25F1C975FCEF36BC58BE5B7E3FA1FE479B7E2FBDB22EE6CCCC7F5509EFFA9314F577D34A109D5F94DA88181816979C45D6CEF637283B556AB9D94F7B1D9B3677F289F66DB383D754EDED7F210DBC6E9B617E5517C71DD5773D3358F9ECBFB5D1EE51771636EBE36461F2ECA0DD8C629B8BF6A8C427CB8D1887DB2B12FFEB1713AEEEA3C09649E53AE312A71FD68F6D159B3660D378F561CE0D32A8F30DC7D04D496C6F507E296C6EF1EEB950A00A0631A2AF96C967B64E2807276433E1B48263AB711B5E3E1871F9ED006D43DF7DC934FC5DBD669F32375E90BC44807F52BF3A4F0C33FA709D5D95196657D2FA79A0E8FB6DBDA5870605363CEB5F58DE6505E78606D63145F6E1E3D175F3FDD1881F7FBDC64CACDA6DC748AEF7F994F45CDCDD0A2287ED6988FEDC6DCAC6A344BFF29AEBB3C2F4C904FA3CDCDADDCE4CACDAE46D36BA4FD34CF05F783FFF13FFEC7D18DD7A3E19150A33D356EBC47427DD9AB0A0040E7C8533FE4D1500750173AC6AC567FA171D7C12EBEF8E2DBBFF6B5AF4D68136A6060201F74FE54F6DB5B9E507EB703FA1D8DA6C1FB76FF594D28A7E34DF21BD98EBD4CA0FFBDBC30C25E7E7CA2E784CA0D289393030074A8C66259E7C9C4A86BF7BBF387CF32D1A1F241D8A73FFDE9A1152B564C4803EA57BFFAD5CB8DD11147C97E7BCBCDA67C409F47BAE49129231CD0B774136ACADE47B0B4CDED9A50A37E23DBB64B136A596EA0EEE757267275BC0319790500409B694C6FF2B84C8C4E63DA8D1B65A2837DF6B39F5D70EEB9E7D6D7AD5BD7D406D4C68D1B77D46AB5ADBAC01DF3E2707CBC385C3B9AD32A5BB909B5AFEB5AFD764DA85137A1B634E6913AFE007E6DA455EBA6EEA7D1B4BFDB87F54DB12A1E0040C7CB73A5E6292BF6F5A13D7F769CF9745E055E263ADC673EF39955975F7E793327291F8AFFB126EF50B2DD7D34A134A126D328463E8D6478AEA65D1B45D78CA2C1B4B746D4D5BBDC3E3C026AA157070080CE5796E5CB790E5399D8BF6AB5BA2AAF162F131D2E8F66F9EC673FFBF295575ED98C46D4D045175D9457AE5AA9FBAB09A509A509D566763F356FD706D3BE4EB51BE9E734A00000BA4C1ED9935771968951E5EA35674F7551236A606060CDFFF93FFFA7FEE69B6F8EDB2978E79C734E9E887CA579A0BA97269426549B1B1E11B56B23EAEA29FB9F74FCCF7EEE2FFFF22F2F9B32BA49CF0100E8207D7D7D6FCB8BE31CE0F4105DA95AADE689DC4B99E812B911154F90A7CF3CF3CCA1871E7A68CC9390E739A0F22978464075374D284DA80E30D21C51A3921B501FFFF8C7EB7FFDD77FBDCC2B020040F769CC75F44399D8B76AB5BAB5288A0FCA4497C9C3DFE6CC99B3FD924B2ED9969B5107728ADE030F3CB036CF31D55805CF303A34A134A13AC5EE23A2466BE72978EF7EF7BBF3CA283BE275F13B5E150000BA4BAD56BB286AC10D32B16FB95E3662AC4BE5D14BB9539B4733CD9D3B7768E1C2851BEFB8E38EEDAB57AFDEB175EBD69D0DA7B81C5AB366CDD6DB6EBBEDE5050B16AC8E83AB6D8DE5D07FEAF43B86B572136A6FD12EB76B424D8ADDE7883AA09F8FD7C5D3F2A73B118BBD320000748F4AA57268A3C1F261D91859E4A81EB93A5C26EC087DF9A029E2B978D26CCC3BC62EB125CFF914714FDC76463EA54FC6D855AB36A18426D441CA23A246736A5EDF94BD4C421EAF9327C4EBE59B71B92217235E210000BA4359960F441D78A74CEC5D1E08937B0C32018C892694265407DADF88A8E139A4168E50801C9597EACD4BD0562A9523BD4A000074BE3CE1761E152F137BD7F8B076874C0063A209A509D5A1466A440DCF1DB5CF9152030303D3F20495518BAC8BCB7778A50000E88A46CBE6A228CE92893D0D4F5D2113C0986842694275B0E146D470C369B4A7EA0D9B1A85C8BDF166BB392E4FF56A0100D0D9A2E6BB254FCB20137BCAD300456EDE9409604C34A134A13ADCF0C8A7658DCB2F1FC41BEE8F23B647CCF68A0100D0D18D9653524A4326DFDE53599617447E5E9509604C34A134A1BA401E1195F3F0E583FD0345517C3D9F031F97E74B27004047375B5E8DBAEF2B32F1E7724E225E9009604C34A134A1BAC4B1E3F0C63B3F37A2A230F98674020074A6A8F5BEA3D9B2D7BC5C1379794A268031D184D28462F48AA2F8643E352FDE847F221B00009D67EEDCB94747BD37D4D7D7779C6CFC87C614150FCA0430269A509A501CF01BF02979B2F288FBE2DBA9320200D071F5DE1FCBB2BC5E26FE2C274B2296CB0430269A509A501CB8FCC958BC09BF11F1CCC0C0C034190100E81C29A54B73AD2713FF217F001BF1539900C644134A138A83D3DFDF7F449E2F20E29559B366BD5D4600003AC3F4E9D30F6B2C4AF37ED9F877918F4723AE9309604C34A134A1387883838387A4947E17B1B1A7A7E744190100E898A6CB43F9143499F8533E9EB3400F30669A509A508CCB9BF26D11DB524A1F960D0080F65796E5E951DF6D91893FD5BB6B2316C80430269A509A508CDB1BF3B551ACEC48299D211B00001D51DF6DC9CD2899D8D9945B1771A64C0063A209A509C5B8162A17371A5197CA060040DBD7764BA2AE7B5026764ED6BEB9288A4FCA0430264B962CD1ACD184627C8B95BE3C91655996DF930D0080F6952726CF755D9EA85C8D5BDD1E718ABD021893E5CB97EF58B3668D864D07C6F3CF3FFFDCA2458B9CC73E0966CF9EFDA17893DE1A71BB6C0000B4AFB22CDF30CA7DE748A8A1A86D8FB1470063B274E9D2CB962D5B36F4D24B2F69DC7458036AF1E2C5DB2216DACB27476F6FEFBBE38D7A435ECEB652A91C2A230000EDA72CCBEBF3CA705D9E86A991837A5E19DA1E018CD9E2C58B2F5DB468D1867CEA96E898D8A201D51245CB5129A5B511AB2B95CA91320200D05EFAFAFA8EAB56AB4373E7CE3DBA5B73901F7BCE81BD01005A5C9E4320DEB49F4A29ADEBEFEF7FA78C0000B497A8E55E288AE2DBDDFAF87B7B7B4FCE7342D91300A07D8A97BBCBB2CCCBFCBE4F360000DAAA8EFB4AD470AF76EBE3AFD56A9F881C6CB62700407B153037E64F917A7B7B936C0000B4874AA572786362EEAE5C1D2E1EF7A7F3A87E7B0200B4995AADF6B5BCD46FC4E7640300A03DA4945644FDF68B6E7CECF1B82F8E586B2F0080F67C233FA7D188BA423600005A5F511467A594BAF294B4B22C2F8FBAF58FF6020068538D73EBB7C59BFACDB20100D0FA1AB55BD9858FFBFB118FDA0300A08D35561AD914F1EBF876AA8C0000B4AEA8D9EE2CCBF2812E7CDC3F4D29DD6F0F008036376FDEBC63E38DFDF588E7F2A497320200D09A524A1FCE532A44CD7668373DEEDC7C8B58620F00800E3063C68CB7C41BFBCA8857E7CE9D7BB48C0000B4A6A8D7361445F1852E7BCC0FC663FE575B1F003AC4E0E0E021F106FF50C4C65AAD76928C0000B49E94D20F239EEEA6C71CF5E99311D7DAFA00D0796FF2BFC8935ED66AB58FCA0600406BE9E9E979574A69A8AFAFEF6D5D549FBE108FF9ABB63E0074A07893FF5659963B22CE940D0080D652AD5657D76AB5ABBAE8F1BE12F1395B1E003A54143617E54654BCE15F261B0000AD236AB4CB235EEE96C7DB9807EB53B63C007476813327DEF4B7C7E5F5B20100D01AFAFBFB8F881A6DA85BE6F18CC7BA25AF0C68CB0340872BCBF203F1C6BF352EEF900D0080D610F5D9E34551DCD4258F75474F4FCF89B63A0074813C01661E069D8B9D4AA572A88C00004CAEA228CE4F296DEC86C71A35683D6AD0236D7500E8127905962800D644BC3473E6CCB7CA0800C0A49A9AA74DA8D56A9FE8E407393030302D37A16C6E00E832D3A74F3FAC2CCB27A210589F523A5E460000264FD464F7E4E8E4C7D8DFDFFFCEA83B876C6D00E8DE82E7977982C8A228DE2F1B000093238F82CAA3A10607070FE9D4C7D8989F749BAD0D005D2CA5F483C6CA79A56C00004C8EA8C736E6F9A13AF5F1F5F6F6A66E99FB0A00D877D1F395BC5A49C4E765030060E2E515F2F274091D5C6FCE4F29BD664B0300B9F0392B37A2A238F827D9000098583D3D3D27462D36D4A9ABC7D56AB52F469DB9DA960600768AC2E763511C6C2B8AE267B2010030B1A20E5B5B96E5373AF1B1D56AB5ABE2F13D6D2B03007F52A954DE53AD56374501F4DBF876AA8C00004C8CDCA8893AECA54E7C6CF1B86E4C29FDCE560600762F128E29CBF2B5B8FCE38C1933DE22230000CDD7D7D7F7B694D2504F4FCFBB3AB0BEBC35E26E5B1900D8436E3EE52654A319758C8C0000345FD45D7F88FAEB471DF8B8EE4929DD620B030023999A4FCBCBA7E7E5D3F4A40300A0B98AA2F842D45E1B3AED71C5637A24A5F4035B1800D85F31F4B33C61799EB85C3600009AA752A91CDA58B1F8C39DF4B8E2313D63156600605472D1900BA2A228CE920D0080E629CBF281A8BB9677D2638AC7B33AEAC94B6D5D0060B4C5C3E773232AE22BB20100D01CBDBDBD29EAAD6D533A68A5E2783CAFA794CEB5750180512B431411DB9DD30F00D03C794ECE28BBCEEEA0C7B331EAC78A2D0B001C90A228DE1F85C496885FCA0600C0F88B3AEB1729A5151DF478B6E51AD29605000E581445C74731B1BE2CCB27A64F9F7E988C00008C9FDEDEDE93A3DE1AAA542A8777C2E389BA71281ECF3B6C5900E0A0CC9C39F3AD5150BC14B1A6AFAFEF6D320200307ECAB27C35A5F4D54E782C512FD67D7009008C496319E1C72336F4F4F4BC4B460000C6475114DF8E1AEB85767F1C8D0F2EEBB62800302ECAB2BC238A8BAD71F901D9000018BBB973E71EDD09A7B1D56AB593A246DC618B0200E3268A8BEBF3CA79713947360000C62E6AABE7226E68E7C750A9543E12F5E1165B1300185751607C297FD255ABD52E920D0080B1A956AB83515BBDD1E6F5E1E979EA065B13006846A171666E44A594BE251B0000072F4FE65DAD5677B4F3940745515C188FE1155B1300688A5AADF6D12836B6A5946E910D00808317F5D48351572D69E3BAF06BF1189EB725018066161C2745C1B431E2A1C1C1C143640400E0C01545F1A9BC004CBBDEFFB22CBF13F1842D09003455635597572356CE9831E32D32020070E0F2C4DE514FFD6D9BDEF79FA4947E632B02004D57A9540E6FACECF2FABC79F38E95110080031375D4E23CBABC4DEFFBED6559DE612B020013656A1420BF8ED8D4DBDB7BB27400008C5E5996EFCB0BBF0C0C0C4C6BC3FBFE40511437D98A00C044172137E709CB6BB5DA2764030060F4A2867A23A574691BDEEFC7A306FC9E2D08004C462172455E6A38E21CD9000018750D755DC41FDBED7E9765B9B2288AAFDB8200C06415519FCB8DA8BC64AF6C0000EC5F5F5FDF71513F0DE5855FDAE97E9765F972D47C17D98200C0A4E9EDED4D51486D8FB851360000F62FEAA617CAB2FC4E9BDDE7F529A5336C3D0060523526D9CC4B0EDF2D1B0000FBAD9DBE1CF15A3BDDE7A8F336174531D3D60300265D7F7FFF3B534AEBA240796AFAF4E987C90800C0DE552A95C31B736B9ED22EF7398F7C8FFBFD1E5B0F00689582EAC894D2EA88B565591E252300007B17F5D28A885BDAE5FEE679AC66CD9AF5765B0E006819954AE5D028521E8DD8D0DBDBFB6E190100D853599667E653DCDAE1BE0E0E0E1E12F7B51E5F4EB5E50080961385CAED115B67CF9EFD21D90000D86BBDB4B50CAD7E3FE7CD9B776C1E09658B01002D2B6AAAEF35E63BE8930D00803D6AA53BA24EFA75ABDFCF94D2A9713FB7D9620040AB172D974681951B5117CB0600C07F881AE9B45C27E5E90C5AF97ED66AB55951CB6DB2C500809697523AA3D188BA56360000FE43D447EB6BB5DA45AD7C1F8BA2382B6AB9376C2D00A02DA4943E9C877147DC261B0000FF2E6AA31BCBB27CA695EF63AD56BB246AB935B61600D0367A7A7A4E8C026663C4EFF22A2B32020074BBA88B8E8F182ACBF2A856BD8FD56AF58A88E76C2D00A0ADCC9A35EBED51C4BC12F1427F7FFF1132020074BB94D2EA886FB5EAFD2BCBF2FAB87F2B6C2900A0ED0C0C0C4CAB56ABCF44BCD1D7D7779C8C0000DDAC2CCBCBA32E7AB985EFDFCF237E654B0100ED6A6A145BF7456C8E38453A00806E954787473D3454ABD54E6AC5FB17F7ED9729A545B61400D0D6CAB2FC491436DB8BA2F8A46C0000DD2AEAA1C7A32EBAB945EFDB4371DF7E642B01006D2F8A9A6F4471B32362BE6C00005D5A0F9D17B5D0C616BD6F4FA594AEB69500808E5014C5F9B91115975F970D00A00BE5A90AB6B5E2E8F0B85FABCAB2FCB24D0400748C287066E753F3227E2C1B004017D64277A794EE6DB5FB5596E5ABF903435B0800E82851789D9A272B6F146053650400E8164551CCCC1FC80D0E0E1ED24AF72BEED39B6559CEB18500808E93527A47143AEBE2F2E981818169320200748B46C3E78256BA4F717FB6CE9E3DFB43B60E00D0912A95CA915184BD1845CFCB1147C90800D00DA2FEF9B788275BE93E452DB6A3B7B7F7DDB60E00D0B12A95CAA129A515F913C1B83C414600804ED7D3D37362D43E43F903B956B94F717FEA3366CC788BAD030074BC287C16476C2DCBF234D90000BAA0F6599B52FA662BDC97DC7CCA4D285B0500E81A65597E270AA01D7179BA6C00009D2CA5F44F51F7BCD40AF7A5A7A7E75DF9743C5B0500E82AB55AED925C04E54BD900003AD5CC9933DF9A521A6A857998F284E47962725B0500E83A7924546344D477640300E85451EFFC21E2C72D703F6A797E4E5B0400E84A796EA83C47549E2B4A3600804E1475CEE723364CF6FD288AE2FCA8BD5EB5450080AE9557CB6BAC9AB722AFA22723004027191C1C3C246A9DED51E77C6432EF4759965F8EFBB1CA160100BA5A14454745BC9C0BA3565AC61800603CA494EE8F3AE797937C1FAE8E7AEB295B0300E87A030303D3A2387A3A8AA37571F90E1901003A45D436956AB5BA2DBE9C3A59F7216AAC1FC57D78C8D60000F87753A348BB370AA4CD7179AA7400009D22EA9B4D11E74CD6FF8FDA6AD1648FC6020068C522EDC779EE8488D9B201007482B22C7F1EB5CDEF27F1FFFF2ADF075B0200603745517C3D0AB51D792517D90000DA5D6F6FEFC929A5A1193366BC6532FE7F5E04A62CCBEB6D090080BDA856ABF373232A0AA66FC80600D001B5CDABB55AED6B93F4BF9F8BB8C2560000184151149FCCA7E69565F913D90000DA59D434D746BC3819FF3BA5B4A656AB5D622B0000ECBB603B254F561E71DF94495C550600602C66CD9AF5F6A86786266325E0B22CDF8838DB560000D88FBEBEBEE3A2687B23E29981818169320200B4A3C66971374CC2FFDD54ABD566D9020000A3D0DFDF7F4414502F44BC923F49941100A0DDE453E2CAB25C37D1FF37EAA76D73E6CC79AF2D0000304A83838387A4947E17B1B1A7A7E744190100DAC9F4E9D30F6B2CBCF28189FCBF7965BE79F3E61D6B0B00001CA028DE6ECB9FE84541F561D90000DAAC8E79306A98A513F82FA7C6FFACE70FF3641F00E0E00AB86BCBB2DC1145DC19B20100B4510DD317B175A2FE5FD44B47E509D1651E00606C45DCC58D46D4A5B20100B4510DB365A23E48AB542AEF89FFB75DD60100C65EC4F535E656F89E6C0000ED20A5B428E2E109AA953E16B159D60100C6C1ECD9B33F9487B547DC2E1B0040AB2BCBF27D7934F7C0C0C0B466FFAF3CE22A6AA4F5B20E00304E7A7B7BDF1D05D68688472B95CAA1320200B4B2A8595EAFD56A5F6CF6FF89FF715159962FCB3800C038CA136FA694D646ACAE542A47CA0800D0AAAAD5EAF7A37659D9ECFF5314C5D727E2FF0000749DE9D3A71F1645DD5329A575FDFDFDEF941100A015CD9B37EFD8BC6A5DC431CDFC3F79DECCF81F8FCB3800409344B17577145D5BF29C0BB20100B4A294D2F351B3FC7333FF47511437453DF4806C03003451147537E625897B7B7B936C00002D58AB5C96527AAD99FFA32CCB3B2CDE020030016AB5DAD7A2F0DA11F139D900005A49A552393CD72929A5539BF53FE26FFFA62CCB9FC83600C00488E2EE9C4623EA0AD900005AAC4E7924E2D666FDFDB22C9F88F88E4C03004C905AADF68928F0B6451176B36C0000AD226A9333A346D9DCACBF9FE79DCA23C3651A006002F5F6F69E1C45DEA6885FC7B7536504006805519B6C8DA835E96FBF12F17959060098608DE5905F8F782ECFC3202300C0648BBA64599EBBA9497F7B435996A7CB3200C024983163C65BA2205B19F1EADCB9738F9611006032CD9E3DFB436559EEA8542A878EF7DF8EBFBBA556AB7D5496010026C9E0E0E021D56AF5A1888D51989D242300C0648A9A647DC4C54DF8BB3BD43A0000AD51F0FD224F58EE13420060926B921B239E69C2DFADF7F5F5BD4D8601005A404AE95B79087C5E9D46360080C9D0DFDFFFCEA84986A21E396ABCFEE6F4E9D30FCB4D28D9FDFFDBBB1B18BBCA725FE0A621C4186308319E18438C311A638CD118A3B9970827E69A5B4D23E974AF356B6DA7CC39D58A28507340721A89C3BD44BD4A3CE6404042BDF7E069E4E2891FC7CA49B50316AAB407444B019182A50AB5A595EF423F9876DFE7216B7A77A733EDB49D3D74667EBFE4C95AB3BFA6BC9DB2DFF9EFF77D1600C029A4AEEBE51944C544EDAB4603007835C43C647B5996374CD5EBC56BBD3D5EF3A091050038C55455F5A998A88DC471A5D10000A65B5114DF8AB9C8535338B7393BDB0E1859008053504CD6CE89C9DAFE38DE61340080E93438387846AE5C8A7AFF54BC5E5996ADBC088B9105003845F5F5F5BD2B266CBBA31EEEC5A5920100265296E51F620EB26A8A5EEBA278AD678D2A00C0292CAF221393B69D514F2E58B0E08D460400980E31F7B878AA562F95657965BCD60EA30A00708ACB2BCA5455B539266F2FC424EE9D4604009806F3B28F535DD70B4FF68562FE725DBCD663861400608688C9DBAFA2F61545F111A301004CC3DCE3AEAAAAFEF3645FA72CCB9BE3B51E30A2000033483389CB2BE755460300E8A598737C22E71D434343A79DE4FC6575BCCE7A230A0030F326845F8F3A1075B9D100007AA92CCB1763CE71E949CE5DEE8AFAB9D1040098818AA2B82083A8ECB1603400805EA9AAEAC731E778E4645E23E62BF7C76BDC6234010066A85C221F93BA978BA2F899D100007A21E61AEF8939C7C156AB75E649BCC696BAAEAF379A000033584C083F1013C33D5555FD2EBE9C67440080A916738D5D51D79CE8F3CBB2DC117395AB8C2400C0CC9F189E1513BB67E2F8E7F9F3E7BFC1880000533CD7B8B62CCB9D27FAFC786ECE532E36920000B340864F19423561D459460400982A0B162C7863599607DBEDF6BB4FE4F9F1DC975CD9170060769997DBF2727B5E6ED3331C00C0548939C6A34551FCE8449E1B7393FDF1FC738C2200C02C938DCAB36179362E371A00C014CD2FBE14738BDD27F2DC5C4515F54EA30800300BC544EFBA98281E8809E3054603003859434343A7C5DC62A4AEEB8F1FEF73E3799DA54B97BECE280200CC5231E1BB3C83A8A8AF1B0D00600AE6167747FDEA789ED36AB5CECC10CAE80100CC72D904343FB52CCBF266A301009C8C98532CCA2DFF713A6FB2CFE9EBEB7B6F7E2866F40000E680A2283E1293BF7DC7FBC92500C058790194B22C2F9AECE3E3B11FCB79889103009823B219684C005FA8AA6AF3B9E79EFB5A2302009C88BC004ACC291E3A8EC79F7FA20DCD010098A1162C58F0C698043E19B5736060E04D460400385EAD56EB03319738387FFEFC374CE6F1F1D84BA39E32720000736FE2787A4C041FCE4F24FBFAFADE65440080E395A1525DD7DF9CCC63CBB2FC463C7E9B51030098A3AAAABA232684FBE3788ED100008E731E7163CC23B68FBDBDD9FE3F10F79F9D952D00E2EB15518F18350080B93D815C9957CE8BE3A78C060030590B172E7C73599607070707DFB168D1A28FC67C6238BE7EA9288ACFC77967827AB9A9E7E2B19F368A0000734C555557451DA8EB7AB9D100002623573CC5FCE1F9E6EABB8782A66625D47D4709A23AF1BCFD2E9202003047C564F0B31944C5C4F13B46030018CFE0E0E019315FF85A7F7FFF9FB231F97801533EAEDD6E97C708A1BE66340100E6B0BAAE3F9E4BE4CBB25C6D340080B1B219F9B15638753D76F7048F7BDC4802009041D4FB6272F8522EA31F1A1A3ACD880000A3962C59F2D6A3844B19423D33FAD866C5D4118F298AE23C230900C02B162F5EFC9698243E9D9F54CE9F3FFF0D46040018D50451BBC60B98CAB2DCD2FDD871FA45FDD6080200709856ABF5FAA6DFC3B339D9342200C0A86C2A1E7384BF8C1344ADEB7E5C6EF1EFBEBFDD6E7FD0E80100309E793161BC376A8F492300305659967F1813427DBFFBFE9C3F74DD778F110300E0A8AAAAFA69362CAFEBFA93460300E8D61D44C59CE1DBE3DCBFA55905F55F8D160000C71493C76BA20E447DDE68000063E609EB9B20EA81DC92D7F48CDA376695D4487375BDF5755D5F3F3838788691030060A209E6A51944C5C4F19B460300487D7D7DEF8DF9C1DA89AE9877942BE91D28CBF2C1389E6D1401003842BBDD2E9B4F326F311A0030776573F26C3C5ED775E77803A8716ABD955100001C213FB18CCA25F677190D00987B162D5AF4D1980BEC191B267DEE739FEBDC70C30D9D0D1B3674B66DDBD6D9B3674F27E571E7CE9D9D7BEFBDB773D34D3775962D5B7644105596E54B45519C6774010038CCE0E0E03B62B2F87C4C1A1FCD4F428D0800CC0DF1FEFFE976BB7DA03B40BAECB2CB5E09984646463A93B571E3C6CEF2E5CBC7865107E3F5AF34CA00001CA6D56A9D1913C51D51BBAAAAFA1B230200B35B0650DDDBEFDAED7667D5AA55C7153E8DB57AF5EACEE0E0E0D85551822800000ED76AB54E8FC9E24351BB6322FA6E230200B3536EC1ABEBFAE0685074E1851776366FDEDC990A5BB76EED5C74D14587AD88B2350F008071C564F19751FB73826A34006076C9ADF7DD3DA03280CA1E4F53295FAF3B88CA1E519A95030030AE989CDE1493C6EC113160340060F6C8ABE0756FC19BAA1550E3AD881AB335EF6EA30F00C04493D42BABAACA20EACB46030066BEBEBEBEF776F781CA1E50BD943DA2BAFB4359650D00C084B269691344AD301A0030B3C5FBF9DAEEABE0EDDFBFBFD36B975F7E79F7B6BC07FD2D000030A198307E2C268E2F47FDC26800C0CC94BDA0EABADE3F1A08DD7BEFBD9DE9B069D3A64321547EB0E52ABC00001C552EDFCFA6A251F70F0D0D9D6644006066C96DF6DDCDC84746463AD365D9B2658782A8BAAEAFF7B70100C0512D5CB8F0CD31797C2A6A9B2BDC00C0A9A12CCB77E62AA7633D2EDEBFD78D06412B56ACE84CA7952B5776F7865AEF6F0D0080635ABA74E9EB62F2F858D4730303036F332200F0EA2ACBF2EA785F1EC9702703A9891E17F7EF1A0D82366CD830AD21546EFDEBDA92F78CBF350000266B5E5E66396A6FD4872698104FEA535900E0E454557561F715E8A21E89DB968DF3B843FDA0B66FDF3EAD21D4CE9D3BBBFF7C23FED6000038DE49EF8F73225914C579DDB767FFA8B87DCF7813600060CADF8FCF1E13428D565E546478B41178F77D7BF6EC99D6102ABF5FF7F7F7B70600C0894C7CBF1D93C9035117375FFF4D2EB377196600981ECD873F9DA3D4817C4FEEBEEDD520840200E0A41545F1C59CE0C6F15B71DCD135C93CB864C992B71A2100E88DE6C39FB38F11421D51564201003063C58472D17893DC9818DF647400E0D8B29762AE6ACA6DEEF9014F7EB85396E5CD51B7476D8CF7D5AD7995DA387FA96944DEBDEDEE68A1D39FDAEDF667BA1FA7271400003356D31FEA88896F4E94352807602E8AF7C1B3162D5AF4D1782FFC74D49545517C37EA6771BE21DE3737C77147D4F3D9303C8E07BBB6CEED6DB6B63FDE6CA3BB33EA8751D7465D1EF755796190C1C1C133BADE87F78FF33EBC23574975FD795C1D0F0080992D573B1DED13D898707FC928013093CD9F3FFF0DAD56EB036559B6F27D2D8EFF1CF583780FBC238EF7C7F1F1A8A79B0B731C683E88C96029C3A1179AEDEA8FE4D565E3FE5BA3FE77D455F1F567E2F8DF060606DE16DF66DE49BC173FD3BDD228FF7C633F048ADBD78D3E66C58A15D31A42AD5CB9B27B6EB0DE4F140000C72D26B95767EFA7636D033052009C42E60D0E0EBEA3D56AFDF7A2282EA8AAEA6BF9814ABCA7AD8EE36FA21E8DF39DF1FEB5BBD9C236FA3E975BE0722BDC53F9DE16755FD42FA36E89E7FC53D43FE4F6F4BAAEDFB774E9D2D74DE77F50B3CA29FF9CC313F563CCFFCED1F7E60B2FBCB0333232326D21D425975C72685E10E373BD1F4100008E5BBBDDFE604E269BC9F8818982A898CCBFD36801D00B0B162C7863BCCF7CB8AAAA4FC57BD2F238BFAED926FEAB663BDBB6A867A3F68EAE526A029B7DF1F5F371DC1EF570AED089AF7F1A7563BCCE57E2F87751E72C5CB8F0CDA7FA18E47B71F7D6BBF1E4CAA8EE5E52B9456E3A6CDAB4A97B2BDE816CA6EEA7160080931613CC81FC24B9D97AD01D42DD617400389656AB757ABBDD7E7751140BE2FDE3E2BAAEBF5955D5CA5CE113C7DF453D16F5D7F8FAC5310DB9F3FCC5BCAF79CCEF9AE7ACCCD7C8D7CAD7CCD7CEEF3187DFA7EF1E1DB3CB2EBB6C5A56432D5FBEBC7B3EF0A09F720000A65C6E0768B6383C1393CEFCF4F3EF8C0AC0DC92AB88723551BE0734AB8B6ECCD546B9EAA8597DB43DBE7E2E57258D6E7B6B562BED6D562FE52AA6DFE7AAA65CDD942B7E72B553AE7ACAD54FB90ACA284F5E5E7DAF7B1BFDAA55AB7A1A40AD5EBDFAB095D1D9A8DDDF0200C01C1073C1D76ED9B2E5F1F5EBD7776EBBEDB6CE9A356BD42CACE1E1E1CE9D77DE79304ACF0D604A659FA3EC7714B530FB1F651FA4EC87D4F445BAAFD99AFD54D33769A46BDB5BAE52DA9D7D96B2DF52F65D6AFA2FDD941F56645FA6ECCF947D9A5E7312CDB9999CEE06E5ED76BBB379F3E69E04505BB76EED9C7FFEF9DD21D4DD461F00608EC8006ADDBA759D9D3B7776F6EDDBA76671EDDAB5ABB376EDDA83C3C3C357FBC90726302FAFC89657666BAED0765573C5B65B9B2D5B8F3457747BA1B9C25BF72AA5BC02DCD37945B8E6CA707744FD5B5E912DAF1CD76EB7CBBC925C5E51CE309F7A060707CF88BFAB97BA9B94E7DC602AE5EB7DE10B5FE8DE86F7527E5FA30F003047E40A2801D4DC0AA2D6AC59B3CF4F3ECC9D60212F165185F8A5FFF2A86BA27E187567D403518F37DBA3F78E5E4822CE0FC66D1930BD10E73BE27C731C371445F1B3A8EFC6F995519FCE2D54F198B38CF2EC117FBFE7756FCBCB206AAA5644E50AA8EE002ABF4F7E3FA30E003087E4163CE1CCDCAADC9EE7271F669EA1A1A1D3F2AAA2755D7F3C7E81FF7CD4D7A3BE17F58BA87BA3FE18B52BB7B88D69CE3DD2AC70C92D715BE37C63D4ED51371745F1ADA82F6618907D81F24A69467ACE07515FEA0EA2726B5EF6883A9966E5D9036ACC16BC0C3BAF34DA0000734C06128219211430FD060606DE5455D5D97905D1A82FC72FE5DF89E34FA27E1DF550D37CFBD9A63977F72AA5FC3A9B76FF25BEFE431CEF2A8AE2DF9BE75F11E7E7E7EBBAE43D5315448D5E356FE3C68DC7153E6DDAB4A973C515571C163EE5EB0AA00000845047ADDDCF6EEF6CB9E7FF741E1CFE1FAF549EE76D421D2114F09AD7E40AA2F8C5FA3DB9A2A8AAAA65717E75AE348A5FB86F8BDA982B90A2FE3AA63977864A2F47BD982B98E2B825EAB7CDCAA67F8DF36F342B9E3ED1D7D7F7AE5C0965A499C620EABCEE1E51DD5BF456AC58D1B9E79E7B3ADBB76FEFECD9B3E795C0298FB9BD3F83AA952B57762EB9E492B1E1D32B3DA06CC1030010421DB55E78665BE7819F5FD1B9EFD6CB0EABBC2DEF13EC08A160B6C95E47F1CBF2DFC6F1EF73D5461C5744ADCADE48717C386A7B9C3FDFDD9C3B572B656FA5A8ECB1F444D48379C5B1789D1FC5F1DA38FE631CEBA80FB55AAD338D32A7BAEC29D67DD5BC93ACBB3521070010421D33B478FCC19F1E11408DD6130FAE12EC08A1E094D66AB55E1FBF00BFBF2CCB561C2FADAAEADB71FE83385F9B57718BE39FA39ECEABBB756F7B6B02A6BC0ADC93518F365787FB8FA87F69AE1AF7D978DCC7F26A72F16DE6196966ABEC17D6ACD21B399EE029AF9A98616CF631338A00004C2A847AE897FF6BC2102AEF13EC08A1601ACD8B5F6ADF9EE14F511417C42FBA5FCD5028BE5E1D754F864571DCD934E7EE5EA534D2844C1936FD291EB32943A8A85B3294CA702A6A518655195A196638526E3B8D7F2F5F6B5647ED6AAEA27858E894575B8CF3F5755D5FAF2F190000C71D423DB06668C2102AEF13EC08A1E044E5B6B4B22C3F9CDBD472BB5A9C5FD76C5F5B972B28725B5BD39C7BEFE82AA52658DA1FBFE0E676B8EDCDF6B8F5B95D2E6EBB318E43B98D2ECECF59BC78F15B8C320000C0294008258482290C944ECF06DA45512C28CBF2A26CAC5D55D5CA38AEC9AD3C71FE581C77358DB85FEE5A4191AB945E8AFBB371F7634D23EFE1A8EF6783EF385E5CD7F527B3F177AEC430D200000033D06442A8BC1ADE442154DE27D81142313B2D5CB8F0CD45517C24EAFCBAAEBF5296E50D71FEEFB9EA28CEFF10C7BF5455F55CD4BEA68752A759ADB4B759BDB42DEAF751BF8EFA496ECF89E397E3F19F0AFF656060E04D46190000608E984C08F5C8AFAF9D3084CAFB043B42284E7D4B972E7D5D3617AEEB7A6151145FACAAEA9FE2FCFF9665797B7F7FFF7DD92729EAA95C91D4D57CF860B36229FB2B659FA53FC6F37E13C79F477D2F7BC3445D984D87070707DF313434749A91060000605C9309A19EDAB6A9F3C02FBE72E456BCB82DEF13EC08A1987E4B962C79EBA2458B3EDADFDFFF99BAAEFF675114DFADAAEAD6A8FF8CDA1CB7EFC82BBB358D830F8E360DCEE6DCD93838EAF1387F20EACE38FFB7385E137579BBDD2EA33EE852EA0000004CA9C98450598FFDE67B478450799B504708C5C9CBC027839F0C808AA2F8520642190C45DD9141510646CD15A7F63441D2A1E6DC193465E094C1531340DD9A815406531950655095819551060000E05535A9106AEFDECE23775D7FE456BCB82DEF13EC08A1F8FF724B5A6E4DCB2D6AB955ADB99CF9F7720B5BB395ED8FCDD6B6DDCD56B783DDCDB99B2D71B935EEBEDC2A975BE672EB5C6EA1CBAD7451EFCBAD75461A00008019E55821D40BCF6CEB6CFEF53513F684CAFBF231C21D21D46C95CDB3B3897636D3CEA6DAD95C3BCE7FDC34DBFE7DD37CFBD9A619F7A1554AD9AC3B9B76C7F9F6A689F7FA6CEA9DCDBDB3C97736FBCEA6DFD9FCDB2803000030EB4D1842EDDDDBD9FEC8ED9DFB572F9F30801AAD7C4C3ED6AA2821D4A9EEDC73CF7D6DBBDD7E775DD79FECEFEFBFB82CCBABE3F8FDA8E1A88D518F5555F5D731CDB9B35E8EC7BE18B52BEE7F2C8EBF8D5A13E72BE3F88DA88B8AA258D0D7D7F7AE56AB75BAFFB3000000C018E38550C75AFD64559410EA54B178F1E2B75455754E7F7FFFDF470DC5F98D715C95AB8EA21ECE554871DBF371DCD7B5EDED40B36AE9D9B22C9F887A30CE7F5514C58FE2FCBABAAE97C7D7759C7FB8D56A9DE9FF120000003005C60BA126B3FAE968ABA2043D42A813D16AB55EDFDFDFFFFEA8455555FD43D4B7E3FC96A8B565596E6AFA243D9DCDB9BB56298D36E7DE1D8FC93E4B8FC6F19EA8D571FE2F515F2D8AE282F8FA63516F8F6F33CFBF7A00000078158C17429D6800355A821E2154863D0303036FCBF0A7AAAACF465DD58442FF1175778645514F365776DB1F8FEB5EA5B4A7099BFE1CB7DFDF84503F88FAE738BF348EADF0810CADFC0B0600008019625257C753733E84CA6D69FDFDFD1FAA425114FF18E7D746FD306A5D6E676BB6B53D1375A83977132C65C0F47CD48EDC1E17C70DCD76B915717E656EA38BD7FBDB389EE55F23000000CC6242A8B919426503EDFEFEFE4F447D3E1B6BC7F15FA37ED134DCDE12E7BB9A46DC2F7735E71E691A7667E3EEAD4D23EFDBE231376783EFAAAA961545715E9CBF271B80FBD7050000001C22849A5BB577EFDE4E5DD7A3DBDEB259F77351DBA21E8ABA2BEA2765597E278E5F8E1AA8AAEAEC81818137F997020000009C142194ED78000000003D2784124201000000F49C104A0805000000D0734228211400000040CF09A18450000000003D371342A8F8638E5B33E57E211400000030E7CD9410EA68B79DEAF70BA100000080394F08258402000000E8392194100A000000A0E784504228000000809E134209A1000000007A4E08258402000000E8B99912428D5733E57E211400000030E7CD84104A09A100000080194E08258402000000E8392194100A000000A0E784504228000000809E134209A1000000007A4E08258402000000E8392194100A000000A0E784504228000000809E134209A1000000007A4E08258402000000E8392194100A000000A0E784504228000000809E134209A1000000007A4E08258402000000E8392194100A000000A0E76EBBED36C18C100A000000A0B7D6AD5B7760E7CE9DC29939524F3CF1C49FD6AC59B3CF4F3E00000030AD6EBFFDF6AFAE5DBBF6E0934F3E29A4990301D4F0F0F0CB5157FBC907000000A6DDF0F0F0956BD6ACD99DDBB4D4ACAE7D022800000000000000000000000000000000000000000000000000000000000000000000000000000000000060CEFB7FF10846C538B2DBFD0000000049454E44AE426082, 1);

-- ----------------------------
-- Table structure for act_ge_property
-- ----------------------------
DROP TABLE IF EXISTS `act_ge_property`;
CREATE TABLE `act_ge_property`  (
  `NAME_` varchar(64) CHARACTER SET utf8 COLLATE utf8_bin NOT NULL,
  `VALUE_` varchar(300) CHARACTER SET utf8 COLLATE utf8_bin NULL DEFAULT NULL,
  `REV_` int(0) NULL DEFAULT NULL,
  PRIMARY KEY (`NAME_`) USING BTREE
) ENGINE = InnoDB CHARACTER SET = utf8 COLLATE = utf8_bin ROW_FORMAT = Dynamic;

-- ----------------------------
-- Records of act_ge_property
-- ----------------------------
INSERT INTO `act_ge_property` VALUES ('cfg.execution-related-entities-count', 'false', 1);
INSERT INTO `act_ge_property` VALUES ('next.dbid', '15001', 7);
INSERT INTO `act_ge_property` VALUES ('schema.history', 'create(6.0.0.4)', 1);
INSERT INTO `act_ge_property` VALUES ('schema.version', '6.0.0.4', 1);

-- ----------------------------
-- Table structure for act_hi_actinst
-- ----------------------------
DROP TABLE IF EXISTS `act_hi_actinst`;
CREATE TABLE `act_hi_actinst`  (
  `ID_` varchar(64) CHARACTER SET utf8 COLLATE utf8_bin NOT NULL,
  `PROC_DEF_ID_` varchar(64) CHARACTER SET utf8 COLLATE utf8_bin NOT NULL,
  `PROC_INST_ID_` varchar(64) CHARACTER SET utf8 COLLATE utf8_bin NOT NULL,
  `EXECUTION_ID_` varchar(64) CHARACTER SET utf8 COLLATE utf8_bin NOT NULL,
  `ACT_ID_` varchar(255) CHARACTER SET utf8 COLLATE utf8_bin NOT NULL,
  `TASK_ID_` varchar(64) CHARACTER SET utf8 COLLATE utf8_bin NULL DEFAULT NULL,
  `CALL_PROC_INST_ID_` varchar(64) CHARACTER SET utf8 COLLATE utf8_bin NULL DEFAULT NULL,
  `ACT_NAME_` varchar(255) CHARACTER SET utf8 COLLATE utf8_bin NULL DEFAULT NULL,
  `ACT_TYPE_` varchar(255) CHARACTER SET utf8 COLLATE utf8_bin NOT NULL,
  `ASSIGNEE_` varchar(255) CHARACTER SET utf8 COLLATE utf8_bin NULL DEFAULT NULL,
  `START_TIME_` datetime(3) NOT NULL,
  `END_TIME_` datetime(3) NULL DEFAULT NULL,
  `DURATION_` bigint(0) NULL DEFAULT NULL,
  `DELETE_REASON_` varchar(4000) CHARACTER SET utf8 COLLATE utf8_bin NULL DEFAULT NULL,
  `TENANT_ID_` varchar(255) CHARACTER SET utf8 COLLATE utf8_bin NULL DEFAULT '',
  PRIMARY KEY (`ID_`) USING BTREE,
  INDEX `ACT_IDX_HI_ACT_INST_START`(`START_TIME_`) USING BTREE,
  INDEX `ACT_IDX_HI_ACT_INST_END`(`END_TIME_`) USING BTREE,
  INDEX `ACT_IDX_HI_ACT_INST_PROCINST`(`PROC_INST_ID_`, `ACT_ID_`) USING BTREE,
  INDEX `ACT_IDX_HI_ACT_INST_EXEC`(`EXECUTION_ID_`, `ACT_ID_`) USING BTREE
) ENGINE = InnoDB CHARACTER SET = utf8 COLLATE = utf8_bin ROW_FORMAT = Dynamic;

-- ----------------------------
-- Records of act_hi_actinst
-- ----------------------------
INSERT INTO `act_hi_actinst` VALUES ('10004', 'leaveProce_ID:1:4', '7501', '7511', '_8', '10005', NULL, '', 'userTask', '1', '2021-03-12 02:00:17.652', '2021-03-12 02:00:19.079', 1427, NULL, '');
INSERT INTO `act_hi_actinst` VALUES ('10006', 'leaveProce_ID:1:4', '7501', '7511', '_22', NULL, NULL, '', 'exclusiveGateway', NULL, '2021-03-12 02:00:19.079', '2021-03-12 02:00:19.118', 39, NULL, '');
INSERT INTO `act_hi_actinst` VALUES ('10007', 'leaveProce_ID:1:4', '7501', '7511', '_10', NULL, NULL, '', 'endEvent', NULL, '2021-03-12 02:00:19.119', '2021-03-12 02:00:19.119', 0, NULL, '');
INSERT INTO `act_hi_actinst` VALUES ('12504', 'leaveProce_ID:1:4', '2501', '2511', '_8', '12505', NULL, '', 'userTask', '2', '2021-03-12 02:21:13.141', '2021-03-12 02:21:14.573', 1432, NULL, '');
INSERT INTO `act_hi_actinst` VALUES ('12510', 'leaveProce_ID:1:4', '2501', '2511', '_22', NULL, NULL, '', 'exclusiveGateway', NULL, '2021-03-12 02:21:14.574', '2021-03-12 02:21:14.581', 7, NULL, '');
INSERT INTO `act_hi_actinst` VALUES ('12511', 'leaveProce_ID:1:4', '2501', '2511', '_18', '12512', NULL, 'Boss', 'userTask', '2', '2021-03-12 02:21:14.582', '2021-03-12 02:21:31.432', 16850, NULL, '');
INSERT INTO `act_hi_actinst` VALUES ('12516', 'leaveProce_ID:1:4', '2501', '2511', '_10', NULL, NULL, '', 'endEvent', NULL, '2021-03-12 02:21:31.432', '2021-03-12 02:21:31.432', 0, NULL, '');
INSERT INTO `act_hi_actinst` VALUES ('2512', 'leaveProce_ID:1:4', '2501', '2511', '_2', NULL, NULL, '', 'startEvent', NULL, '2021-03-11 02:28:43.347', '2021-03-11 02:28:43.349', 2, NULL, '');
INSERT INTO `act_hi_actinst` VALUES ('2513', 'leaveProce_ID:1:4', '2501', '2511', '_3', '2514', NULL, '', 'userTask', '1', '2021-03-11 02:28:43.350', '2021-03-11 02:28:44.688', 1338, NULL, '');
INSERT INTO `act_hi_actinst` VALUES ('2518', 'leaveProce_ID:1:4', '2501', '2511', '_6', NULL, NULL, '', 'exclusiveGateway', NULL, '2021-03-11 02:28:44.688', '2021-03-11 02:28:44.695', 7, NULL, '');
INSERT INTO `act_hi_actinst` VALUES ('2519', 'leaveProce_ID:1:4', '2501', '2511', '_7', '2520', NULL, '', 'userTask', '1', '2021-03-11 02:28:44.698', '2021-03-12 02:21:13.137', 85948439, NULL, '');
INSERT INTO `act_hi_actinst` VALUES ('5012', 'leaveProce_ID:1:4', '5001', '5011', '_2', NULL, NULL, '', 'startEvent', NULL, '2021-03-11 02:37:41.942', '2021-03-11 02:37:41.943', 1, NULL, '');
INSERT INTO `act_hi_actinst` VALUES ('5013', 'leaveProce_ID:1:4', '5001', '5011', '_3', '5014', NULL, '', 'userTask', '1', '2021-03-11 02:37:41.944', '2021-03-11 02:37:43.234', 1290, NULL, '');
INSERT INTO `act_hi_actinst` VALUES ('5018', 'leaveProce_ID:1:4', '5001', '5011', '_6', NULL, NULL, '', 'exclusiveGateway', NULL, '2021-03-11 02:37:43.235', '2021-03-11 02:37:43.241', 6, NULL, '');
INSERT INTO `act_hi_actinst` VALUES ('5019', 'leaveProce_ID:1:4', '5001', '5011', '_7', '5020', NULL, '', 'userTask', '1', '2021-03-11 02:37:43.242', '2021-03-11 02:38:13.112', 29870, NULL, '');
INSERT INTO `act_hi_actinst` VALUES ('5024', 'leaveProce_ID:1:4', '5001', '5011', '_8', '5025', NULL, '', 'userTask', '2', '2021-03-11 02:38:13.113', '2021-03-11 02:38:14.742', 1629, NULL, '');
INSERT INTO `act_hi_actinst` VALUES ('5030', 'leaveProce_ID:1:4', '5001', '5011', '_22', NULL, NULL, '', 'exclusiveGateway', NULL, '2021-03-11 02:38:14.742', '2021-03-11 02:38:14.742', 0, NULL, '');
INSERT INTO `act_hi_actinst` VALUES ('5031', 'leaveProce_ID:1:4', '5001', '5011', '_18', '5032', NULL, 'Boss', 'userTask', '2', '2021-03-11 02:38:14.743', NULL, NULL, NULL, '');
INSERT INTO `act_hi_actinst` VALUES ('7512', 'leaveProce_ID:1:4', '7501', '7511', '_2', NULL, NULL, '', 'startEvent', NULL, '2021-03-11 03:36:20.344', '2021-03-11 03:36:20.345', 1, NULL, '');
INSERT INTO `act_hi_actinst` VALUES ('7513', 'leaveProce_ID:1:4', '7501', '7511', '_3', '7514', NULL, '', 'userTask', '1', '2021-03-11 03:36:20.347', '2021-03-11 03:36:21.308', 961, NULL, '');
INSERT INTO `act_hi_actinst` VALUES ('7518', 'leaveProce_ID:1:4', '7501', '7511', '_6', NULL, NULL, '', 'exclusiveGateway', NULL, '2021-03-11 03:36:21.308', '2021-03-11 03:36:21.315', 7, NULL, '');
INSERT INTO `act_hi_actinst` VALUES ('7519', 'leaveProce_ID:1:4', '7501', '7511', '_7', '7520', NULL, '', 'userTask', '1', '2021-03-11 03:36:21.316', '2021-03-12 02:00:17.636', 80636320, NULL, '');
INSERT INTO `act_hi_actinst` VALUES ('7532', 'leaveProce_ID:1:4', '7521', '7531', '_2', NULL, NULL, '', 'startEvent', NULL, '2021-03-11 03:36:30.974', '2021-03-11 03:36:30.974', 0, NULL, '');
INSERT INTO `act_hi_actinst` VALUES ('7533', 'leaveProce_ID:1:4', '7521', '7531', '_3', '7534', NULL, '', 'userTask', '1', '2021-03-11 03:36:30.975', '2021-03-11 03:36:32.019', 1044, NULL, '');
INSERT INTO `act_hi_actinst` VALUES ('7538', 'leaveProce_ID:1:4', '7521', '7531', '_6', NULL, NULL, '', 'exclusiveGateway', NULL, '2021-03-11 03:36:32.020', '2021-03-11 03:36:32.020', 0, NULL, '');
INSERT INTO `act_hi_actinst` VALUES ('7539', 'leaveProce_ID:1:4', '7521', '7531', '_7', '7540', NULL, '', 'userTask', '1', '2021-03-11 03:36:32.021', NULL, NULL, NULL, '');
INSERT INTO `act_hi_actinst` VALUES ('7552', 'leaveProce_ID:1:4', '7541', '7551', '_2', NULL, NULL, '', 'startEvent', NULL, '2021-03-11 03:36:44.754', '2021-03-11 03:36:44.754', 0, NULL, '');
INSERT INTO `act_hi_actinst` VALUES ('7553', 'leaveProce_ID:1:4', '7541', '7551', '_3', '7554', NULL, '', 'userTask', '1', '2021-03-11 03:36:44.754', '2021-03-11 03:36:45.583', 829, NULL, '');
INSERT INTO `act_hi_actinst` VALUES ('7558', 'leaveProce_ID:1:4', '7541', '7551', '_6', NULL, NULL, '', 'exclusiveGateway', NULL, '2021-03-11 03:36:45.583', '2021-03-11 03:36:45.584', 1, NULL, '');
INSERT INTO `act_hi_actinst` VALUES ('7559', 'leaveProce_ID:1:4', '7541', '7551', '_7', '7560', NULL, '', 'userTask', '1', '2021-03-11 03:36:45.585', NULL, NULL, NULL, '');

-- ----------------------------
-- Table structure for act_hi_attachment
-- ----------------------------
DROP TABLE IF EXISTS `act_hi_attachment`;
CREATE TABLE `act_hi_attachment`  (
  `ID_` varchar(64) CHARACTER SET utf8 COLLATE utf8_bin NOT NULL,
  `REV_` int(0) NULL DEFAULT NULL,
  `USER_ID_` varchar(255) CHARACTER SET utf8 COLLATE utf8_bin NULL DEFAULT NULL,
  `NAME_` varchar(255) CHARACTER SET utf8 COLLATE utf8_bin NULL DEFAULT NULL,
  `DESCRIPTION_` varchar(4000) CHARACTER SET utf8 COLLATE utf8_bin NULL DEFAULT NULL,
  `TYPE_` varchar(255) CHARACTER SET utf8 COLLATE utf8_bin NULL DEFAULT NULL,
  `TASK_ID_` varchar(64) CHARACTER SET utf8 COLLATE utf8_bin NULL DEFAULT NULL,
  `PROC_INST_ID_` varchar(64) CHARACTER SET utf8 COLLATE utf8_bin NULL DEFAULT NULL,
  `URL_` varchar(4000) CHARACTER SET utf8 COLLATE utf8_bin NULL DEFAULT NULL,
  `CONTENT_ID_` varchar(64) CHARACTER SET utf8 COLLATE utf8_bin NULL DEFAULT NULL,
  `TIME_` datetime(3) NULL DEFAULT NULL,
  PRIMARY KEY (`ID_`) USING BTREE
) ENGINE = InnoDB CHARACTER SET = utf8 COLLATE = utf8_bin ROW_FORMAT = Dynamic;

-- ----------------------------
-- Table structure for act_hi_comment
-- ----------------------------
DROP TABLE IF EXISTS `act_hi_comment`;
CREATE TABLE `act_hi_comment`  (
  `ID_` varchar(64) CHARACTER SET utf8 COLLATE utf8_bin NOT NULL,
  `TYPE_` varchar(255) CHARACTER SET utf8 COLLATE utf8_bin NULL DEFAULT NULL,
  `TIME_` datetime(3) NOT NULL,
  `USER_ID_` varchar(255) CHARACTER SET utf8 COLLATE utf8_bin NULL DEFAULT NULL,
  `TASK_ID_` varchar(64) CHARACTER SET utf8 COLLATE utf8_bin NULL DEFAULT NULL,
  `PROC_INST_ID_` varchar(64) CHARACTER SET utf8 COLLATE utf8_bin NULL DEFAULT NULL,
  `ACTION_` varchar(255) CHARACTER SET utf8 COLLATE utf8_bin NULL DEFAULT NULL,
  `MESSAGE_` varchar(4000) CHARACTER SET utf8 COLLATE utf8_bin NULL DEFAULT NULL,
  `FULL_MSG_` longblob NULL,
  PRIMARY KEY (`ID_`) USING BTREE
) ENGINE = InnoDB CHARACTER SET = utf8 COLLATE = utf8_bin ROW_FORMAT = Dynamic;

-- ----------------------------
-- Table structure for act_hi_detail
-- ----------------------------
DROP TABLE IF EXISTS `act_hi_detail`;
CREATE TABLE `act_hi_detail`  (
  `ID_` varchar(64) CHARACTER SET utf8 COLLATE utf8_bin NOT NULL,
  `TYPE_` varchar(255) CHARACTER SET utf8 COLLATE utf8_bin NOT NULL,
  `PROC_INST_ID_` varchar(64) CHARACTER SET utf8 COLLATE utf8_bin NULL DEFAULT NULL,
  `EXECUTION_ID_` varchar(64) CHARACTER SET utf8 COLLATE utf8_bin NULL DEFAULT NULL,
  `TASK_ID_` varchar(64) CHARACTER SET utf8 COLLATE utf8_bin NULL DEFAULT NULL,
  `ACT_INST_ID_` varchar(64) CHARACTER SET utf8 COLLATE utf8_bin NULL DEFAULT NULL,
  `NAME_` varchar(255) CHARACTER SET utf8 COLLATE utf8_bin NOT NULL,
  `VAR_TYPE_` varchar(255) CHARACTER SET utf8 COLLATE utf8_bin NULL DEFAULT NULL,
  `REV_` int(0) NULL DEFAULT NULL,
  `TIME_` datetime(3) NOT NULL,
  `BYTEARRAY_ID_` varchar(64) CHARACTER SET utf8 COLLATE utf8_bin NULL DEFAULT NULL,
  `DOUBLE_` double NULL DEFAULT NULL,
  `LONG_` bigint(0) NULL DEFAULT NULL,
  `TEXT_` varchar(4000) CHARACTER SET utf8 COLLATE utf8_bin NULL DEFAULT NULL,
  `TEXT2_` varchar(4000) CHARACTER SET utf8 COLLATE utf8_bin NULL DEFAULT NULL,
  PRIMARY KEY (`ID_`) USING BTREE,
  INDEX `ACT_IDX_HI_DETAIL_PROC_INST`(`PROC_INST_ID_`) USING BTREE,
  INDEX `ACT_IDX_HI_DETAIL_ACT_INST`(`ACT_INST_ID_`) USING BTREE,
  INDEX `ACT_IDX_HI_DETAIL_TIME`(`TIME_`) USING BTREE,
  INDEX `ACT_IDX_HI_DETAIL_NAME`(`NAME_`) USING BTREE,
  INDEX `ACT_IDX_HI_DETAIL_TASK_ID`(`TASK_ID_`) USING BTREE
) ENGINE = InnoDB CHARACTER SET = utf8 COLLATE = utf8_bin ROW_FORMAT = Dynamic;

-- ----------------------------
-- Records of act_hi_detail
-- ----------------------------
INSERT INTO `act_hi_detail` VALUES ('10001', 'VariableUpdate', '7501', '7501', NULL, '7519', 'formId', 'string', 1, '2021-03-12 02:00:17.550', NULL, NULL, NULL, 'be468c52a18145c3895376388f282848', NULL);
INSERT INTO `act_hi_detail` VALUES ('10002', 'VariableUpdate', '7501', '7501', NULL, '7519', 'agent', 'string', 1, '2021-03-12 02:00:17.618', NULL, NULL, NULL, '1', NULL);
INSERT INTO `act_hi_detail` VALUES ('10003', 'VariableUpdate', '7501', '7501', NULL, '7519', 'flag', 'string', 1, '2021-03-12 02:00:17.621', NULL, NULL, NULL, 'false', NULL);
INSERT INTO `act_hi_detail` VALUES ('12501', 'VariableUpdate', '2501', '2501', NULL, '2519', 'formId', 'string', 1, '2021-03-12 02:21:13.057', NULL, NULL, NULL, '3ebfc530f05e6820723578c3d92bd67c', NULL);
INSERT INTO `act_hi_detail` VALUES ('12502', 'VariableUpdate', '2501', '2501', NULL, '2519', 'agent', 'string', 1, '2021-03-12 02:21:13.123', NULL, NULL, NULL, '2', NULL);
INSERT INTO `act_hi_detail` VALUES ('12503', 'VariableUpdate', '2501', '2501', NULL, '2519', 'flag', 'string', 1, '2021-03-12 02:21:13.125', NULL, NULL, NULL, 'true', NULL);
INSERT INTO `act_hi_detail` VALUES ('12507', 'VariableUpdate', '2501', '2501', NULL, '12504', 'formId', 'string', 1, '2021-03-12 02:21:14.562', NULL, NULL, NULL, '3ebfc530f05e6820723578c3d92bd67c', NULL);
INSERT INTO `act_hi_detail` VALUES ('12508', 'VariableUpdate', '2501', '2501', NULL, '12504', 'agent', 'string', 2, '2021-03-12 02:21:14.565', NULL, NULL, NULL, '2', NULL);
INSERT INTO `act_hi_detail` VALUES ('12509', 'VariableUpdate', '2501', '2501', NULL, '12504', 'flag', 'string', 1, '2021-03-12 02:21:14.567', NULL, NULL, NULL, 'true', NULL);
INSERT INTO `act_hi_detail` VALUES ('12513', 'VariableUpdate', '2501', '2501', NULL, '12511', 'formId', 'string', 1, '2021-03-12 02:21:31.420', NULL, NULL, NULL, '3ebfc530f05e6820723578c3d92bd67c', NULL);
INSERT INTO `act_hi_detail` VALUES ('12514', 'VariableUpdate', '2501', '2501', NULL, '12511', 'agent', 'string', 2, '2021-03-12 02:21:31.424', NULL, NULL, NULL, '3', NULL);
INSERT INTO `act_hi_detail` VALUES ('12515', 'VariableUpdate', '2501', '2501', NULL, '12511', 'flag', 'string', 1, '2021-03-12 02:21:31.425', NULL, NULL, NULL, 'true', NULL);
INSERT INTO `act_hi_detail` VALUES ('2503', 'VariableUpdate', '2501', '2501', NULL, NULL, '${initator}', 'string', 0, '2021-03-11 02:28:43.344', NULL, NULL, NULL, '1', NULL);
INSERT INTO `act_hi_detail` VALUES ('2506', 'VariableUpdate', '2501', '2501', NULL, NULL, 'formId', 'string', 0, '2021-03-11 02:28:43.345', NULL, NULL, NULL, '3ebfc530f05e6820723578c3d92bd67c', NULL);
INSERT INTO `act_hi_detail` VALUES ('2508', 'VariableUpdate', '2501', '2501', NULL, NULL, 'agent', 'string', 0, '2021-03-11 02:28:43.345', NULL, NULL, NULL, '1', NULL);
INSERT INTO `act_hi_detail` VALUES ('2510', 'VariableUpdate', '2501', '2501', NULL, NULL, 'flag', 'string', 0, '2021-03-11 02:28:43.345', NULL, NULL, NULL, 'true', NULL);
INSERT INTO `act_hi_detail` VALUES ('2515', 'VariableUpdate', '2501', '2501', NULL, '2513', 'formId', 'string', 1, '2021-03-11 02:28:44.670', NULL, NULL, NULL, '3ebfc530f05e6820723578c3d92bd67c', NULL);
INSERT INTO `act_hi_detail` VALUES ('2516', 'VariableUpdate', '2501', '2501', NULL, '2513', 'agent', 'string', 1, '2021-03-11 02:28:44.674', NULL, NULL, NULL, '1', NULL);
INSERT INTO `act_hi_detail` VALUES ('2517', 'VariableUpdate', '2501', '2501', NULL, '2513', 'flag', 'string', 1, '2021-03-11 02:28:44.676', NULL, NULL, NULL, 'true', NULL);
INSERT INTO `act_hi_detail` VALUES ('5003', 'VariableUpdate', '5001', '5001', NULL, NULL, '${initator}', 'string', 0, '2021-03-11 02:37:41.938', NULL, NULL, NULL, '1', NULL);
INSERT INTO `act_hi_detail` VALUES ('5006', 'VariableUpdate', '5001', '5001', NULL, NULL, 'formId', 'string', 0, '2021-03-11 02:37:41.939', NULL, NULL, NULL, '6264eebbfbe9b19ec9e8989cbb8a4d1b', NULL);
INSERT INTO `act_hi_detail` VALUES ('5008', 'VariableUpdate', '5001', '5001', NULL, NULL, 'agent', 'string', 0, '2021-03-11 02:37:41.939', NULL, NULL, NULL, '1', NULL);
INSERT INTO `act_hi_detail` VALUES ('5010', 'VariableUpdate', '5001', '5001', NULL, NULL, 'flag', 'string', 0, '2021-03-11 02:37:41.939', NULL, NULL, NULL, 'true', NULL);
INSERT INTO `act_hi_detail` VALUES ('5015', 'VariableUpdate', '5001', '5001', NULL, '5013', 'formId', 'string', 1, '2021-03-11 02:37:43.218', NULL, NULL, NULL, '6264eebbfbe9b19ec9e8989cbb8a4d1b', NULL);
INSERT INTO `act_hi_detail` VALUES ('5016', 'VariableUpdate', '5001', '5001', NULL, '5013', 'agent', 'string', 1, '2021-03-11 02:37:43.223', NULL, NULL, NULL, '1', NULL);
INSERT INTO `act_hi_detail` VALUES ('5017', 'VariableUpdate', '5001', '5001', NULL, '5013', 'flag', 'string', 1, '2021-03-11 02:37:43.225', NULL, NULL, NULL, 'true', NULL);
INSERT INTO `act_hi_detail` VALUES ('5021', 'VariableUpdate', '5001', '5001', NULL, '5019', 'formId', 'string', 1, '2021-03-11 02:38:13.100', NULL, NULL, NULL, '6264eebbfbe9b19ec9e8989cbb8a4d1b', NULL);
INSERT INTO `act_hi_detail` VALUES ('5022', 'VariableUpdate', '5001', '5001', NULL, '5019', 'agent', 'string', 1, '2021-03-11 02:38:13.105', NULL, NULL, NULL, '2', NULL);
INSERT INTO `act_hi_detail` VALUES ('5023', 'VariableUpdate', '5001', '5001', NULL, '5019', 'flag', 'string', 1, '2021-03-11 02:38:13.106', NULL, NULL, NULL, 'true', NULL);
INSERT INTO `act_hi_detail` VALUES ('5027', 'VariableUpdate', '5001', '5001', NULL, '5024', 'formId', 'string', 1, '2021-03-11 02:38:14.730', NULL, NULL, NULL, '6264eebbfbe9b19ec9e8989cbb8a4d1b', NULL);
INSERT INTO `act_hi_detail` VALUES ('5028', 'VariableUpdate', '5001', '5001', NULL, '5024', 'agent', 'string', 2, '2021-03-11 02:38:14.733', NULL, NULL, NULL, '2', NULL);
INSERT INTO `act_hi_detail` VALUES ('5029', 'VariableUpdate', '5001', '5001', NULL, '5024', 'flag', 'string', 1, '2021-03-11 02:38:14.734', NULL, NULL, NULL, 'true', NULL);
INSERT INTO `act_hi_detail` VALUES ('7503', 'VariableUpdate', '7501', '7501', NULL, NULL, '${initator}', 'string', 0, '2021-03-11 03:36:20.340', NULL, NULL, NULL, '1', NULL);
INSERT INTO `act_hi_detail` VALUES ('7506', 'VariableUpdate', '7501', '7501', NULL, NULL, 'formId', 'string', 0, '2021-03-11 03:36:20.341', NULL, NULL, NULL, 'be468c52a18145c3895376388f282848', NULL);
INSERT INTO `act_hi_detail` VALUES ('7508', 'VariableUpdate', '7501', '7501', NULL, NULL, 'agent', 'string', 0, '2021-03-11 03:36:20.341', NULL, NULL, NULL, '1', NULL);
INSERT INTO `act_hi_detail` VALUES ('7510', 'VariableUpdate', '7501', '7501', NULL, NULL, 'flag', 'string', 0, '2021-03-11 03:36:20.341', NULL, NULL, NULL, 'true', NULL);
INSERT INTO `act_hi_detail` VALUES ('7515', 'VariableUpdate', '7501', '7501', NULL, '7513', 'formId', 'string', 1, '2021-03-11 03:36:21.293', NULL, NULL, NULL, 'be468c52a18145c3895376388f282848', NULL);
INSERT INTO `act_hi_detail` VALUES ('7516', 'VariableUpdate', '7501', '7501', NULL, '7513', 'agent', 'string', 1, '2021-03-11 03:36:21.297', NULL, NULL, NULL, '1', NULL);
INSERT INTO `act_hi_detail` VALUES ('7517', 'VariableUpdate', '7501', '7501', NULL, '7513', 'flag', 'string', 1, '2021-03-11 03:36:21.298', NULL, NULL, NULL, 'true', NULL);
INSERT INTO `act_hi_detail` VALUES ('7523', 'VariableUpdate', '7521', '7521', NULL, NULL, '${initator}', 'string', 0, '2021-03-11 03:36:30.974', NULL, NULL, NULL, '1', NULL);
INSERT INTO `act_hi_detail` VALUES ('7526', 'VariableUpdate', '7521', '7521', NULL, NULL, 'formId', 'string', 0, '2021-03-11 03:36:30.974', NULL, NULL, NULL, '2ff9b1942451ec52e926c6f73fd19cfa', NULL);
INSERT INTO `act_hi_detail` VALUES ('7528', 'VariableUpdate', '7521', '7521', NULL, NULL, 'agent', 'string', 0, '2021-03-11 03:36:30.974', NULL, NULL, NULL, '1', NULL);
INSERT INTO `act_hi_detail` VALUES ('7530', 'VariableUpdate', '7521', '7521', NULL, NULL, 'flag', 'string', 0, '2021-03-11 03:36:30.974', NULL, NULL, NULL, 'true', NULL);
INSERT INTO `act_hi_detail` VALUES ('7535', 'VariableUpdate', '7521', '7521', NULL, '7533', 'formId', 'string', 1, '2021-03-11 03:36:32.008', NULL, NULL, NULL, '2ff9b1942451ec52e926c6f73fd19cfa', NULL);
INSERT INTO `act_hi_detail` VALUES ('7536', 'VariableUpdate', '7521', '7521', NULL, '7533', 'agent', 'string', 1, '2021-03-11 03:36:32.011', NULL, NULL, NULL, '1', NULL);
INSERT INTO `act_hi_detail` VALUES ('7537', 'VariableUpdate', '7521', '7521', NULL, '7533', 'flag', 'string', 1, '2021-03-11 03:36:32.012', NULL, NULL, NULL, 'true', NULL);
INSERT INTO `act_hi_detail` VALUES ('7543', 'VariableUpdate', '7541', '7541', NULL, NULL, '${initator}', 'string', 0, '2021-03-11 03:36:44.753', NULL, NULL, NULL, '1', NULL);
INSERT INTO `act_hi_detail` VALUES ('7546', 'VariableUpdate', '7541', '7541', NULL, NULL, 'formId', 'string', 0, '2021-03-11 03:36:44.754', NULL, NULL, NULL, '272e29bcffad4497588fa82546e43c79', NULL);
INSERT INTO `act_hi_detail` VALUES ('7548', 'VariableUpdate', '7541', '7541', NULL, NULL, 'agent', 'string', 0, '2021-03-11 03:36:44.754', NULL, NULL, NULL, '1', NULL);
INSERT INTO `act_hi_detail` VALUES ('7550', 'VariableUpdate', '7541', '7541', NULL, NULL, 'flag', 'string', 0, '2021-03-11 03:36:44.754', NULL, NULL, NULL, 'true', NULL);
INSERT INTO `act_hi_detail` VALUES ('7555', 'VariableUpdate', '7541', '7541', NULL, '7553', 'formId', 'string', 1, '2021-03-11 03:36:45.573', NULL, NULL, NULL, '272e29bcffad4497588fa82546e43c79', NULL);
INSERT INTO `act_hi_detail` VALUES ('7556', 'VariableUpdate', '7541', '7541', NULL, '7553', 'agent', 'string', 1, '2021-03-11 03:36:45.575', NULL, NULL, NULL, '1', NULL);
INSERT INTO `act_hi_detail` VALUES ('7557', 'VariableUpdate', '7541', '7541', NULL, '7553', 'flag', 'string', 1, '2021-03-11 03:36:45.577', NULL, NULL, NULL, 'true', NULL);

-- ----------------------------
-- Table structure for act_hi_identitylink
-- ----------------------------
DROP TABLE IF EXISTS `act_hi_identitylink`;
CREATE TABLE `act_hi_identitylink`  (
  `ID_` varchar(64) CHARACTER SET utf8 COLLATE utf8_bin NOT NULL,
  `GROUP_ID_` varchar(255) CHARACTER SET utf8 COLLATE utf8_bin NULL DEFAULT NULL,
  `TYPE_` varchar(255) CHARACTER SET utf8 COLLATE utf8_bin NULL DEFAULT NULL,
  `USER_ID_` varchar(255) CHARACTER SET utf8 COLLATE utf8_bin NULL DEFAULT NULL,
  `TASK_ID_` varchar(64) CHARACTER SET utf8 COLLATE utf8_bin NULL DEFAULT NULL,
  `PROC_INST_ID_` varchar(64) CHARACTER SET utf8 COLLATE utf8_bin NULL DEFAULT NULL,
  PRIMARY KEY (`ID_`) USING BTREE,
  INDEX `ACT_IDX_HI_IDENT_LNK_USER`(`USER_ID_`) USING BTREE,
  INDEX `ACT_IDX_HI_IDENT_LNK_TASK`(`TASK_ID_`) USING BTREE,
  INDEX `ACT_IDX_HI_IDENT_LNK_PROCINST`(`PROC_INST_ID_`) USING BTREE
) ENGINE = InnoDB CHARACTER SET = utf8 COLLATE = utf8_bin ROW_FORMAT = Dynamic;

-- ----------------------------
-- Records of act_hi_identitylink
-- ----------------------------
INSERT INTO `act_hi_identitylink` VALUES ('12506', NULL, 'participant', '2', NULL, '2501');
INSERT INTO `act_hi_identitylink` VALUES ('2504', NULL, 'starter', '1', NULL, '2501');
INSERT INTO `act_hi_identitylink` VALUES ('5004', NULL, 'starter', '1', NULL, '5001');
INSERT INTO `act_hi_identitylink` VALUES ('5026', NULL, 'participant', '2', NULL, '5001');
INSERT INTO `act_hi_identitylink` VALUES ('7504', NULL, 'starter', '1', NULL, '7501');
INSERT INTO `act_hi_identitylink` VALUES ('7524', NULL, 'starter', '1', NULL, '7521');
INSERT INTO `act_hi_identitylink` VALUES ('7544', NULL, 'starter', '1', NULL, '7541');

-- ----------------------------
-- Table structure for act_hi_procinst
-- ----------------------------
DROP TABLE IF EXISTS `act_hi_procinst`;
CREATE TABLE `act_hi_procinst`  (
  `ID_` varchar(64) CHARACTER SET utf8 COLLATE utf8_bin NOT NULL,
  `PROC_INST_ID_` varchar(64) CHARACTER SET utf8 COLLATE utf8_bin NOT NULL,
  `BUSINESS_KEY_` varchar(255) CHARACTER SET utf8 COLLATE utf8_bin NULL DEFAULT NULL,
  `PROC_DEF_ID_` varchar(64) CHARACTER SET utf8 COLLATE utf8_bin NOT NULL,
  `START_TIME_` datetime(3) NOT NULL,
  `END_TIME_` datetime(3) NULL DEFAULT NULL,
  `DURATION_` bigint(0) NULL DEFAULT NULL,
  `START_USER_ID_` varchar(255) CHARACTER SET utf8 COLLATE utf8_bin NULL DEFAULT NULL,
  `START_ACT_ID_` varchar(255) CHARACTER SET utf8 COLLATE utf8_bin NULL DEFAULT NULL,
  `END_ACT_ID_` varchar(255) CHARACTER SET utf8 COLLATE utf8_bin NULL DEFAULT NULL,
  `SUPER_PROCESS_INSTANCE_ID_` varchar(64) CHARACTER SET utf8 COLLATE utf8_bin NULL DEFAULT NULL,
  `DELETE_REASON_` varchar(4000) CHARACTER SET utf8 COLLATE utf8_bin NULL DEFAULT NULL,
  `TENANT_ID_` varchar(255) CHARACTER SET utf8 COLLATE utf8_bin NULL DEFAULT '',
  `NAME_` varchar(255) CHARACTER SET utf8 COLLATE utf8_bin NULL DEFAULT NULL,
  PRIMARY KEY (`ID_`) USING BTREE,
  UNIQUE INDEX `PROC_INST_ID_`(`PROC_INST_ID_`) USING BTREE,
  INDEX `ACT_IDX_HI_PRO_INST_END`(`END_TIME_`) USING BTREE,
  INDEX `ACT_IDX_HI_PRO_I_BUSKEY`(`BUSINESS_KEY_`) USING BTREE
) ENGINE = InnoDB CHARACTER SET = utf8 COLLATE = utf8_bin ROW_FORMAT = Dynamic;

-- ----------------------------
-- Records of act_hi_procinst
-- ----------------------------
INSERT INTO `act_hi_procinst` VALUES ('2501', '2501', '3ebfc530f05e6820723578c3d92bd67c', 'leaveProce_ID:1:4', '2021-03-11 02:28:43.292', '2021-03-12 02:21:31.453', 85968161, '1', '_2', '_10', NULL, NULL, '', NULL);
INSERT INTO `act_hi_procinst` VALUES ('5001', '5001', '6264eebbfbe9b19ec9e8989cbb8a4d1b', 'leaveProce_ID:1:4', '2021-03-11 02:37:41.876', NULL, NULL, '1', '_2', NULL, NULL, NULL, '', NULL);
INSERT INTO `act_hi_procinst` VALUES ('7501', '7501', 'be468c52a18145c3895376388f282848', 'leaveProce_ID:1:4', '2021-03-11 03:36:20.291', '2021-03-12 02:00:19.144', 80638853, '1', '_2', '_10', NULL, NULL, '', NULL);
INSERT INTO `act_hi_procinst` VALUES ('7521', '7521', '2ff9b1942451ec52e926c6f73fd19cfa', 'leaveProce_ID:1:4', '2021-03-11 03:36:30.974', NULL, NULL, '1', '_2', NULL, NULL, NULL, '', NULL);
INSERT INTO `act_hi_procinst` VALUES ('7541', '7541', '272e29bcffad4497588fa82546e43c79', 'leaveProce_ID:1:4', '2021-03-11 03:36:44.753', NULL, NULL, '1', '_2', NULL, NULL, NULL, '', NULL);

-- ----------------------------
-- Table structure for act_hi_taskinst
-- ----------------------------
DROP TABLE IF EXISTS `act_hi_taskinst`;
CREATE TABLE `act_hi_taskinst`  (
  `ID_` varchar(64) CHARACTER SET utf8 COLLATE utf8_bin NOT NULL,
  `PROC_DEF_ID_` varchar(64) CHARACTER SET utf8 COLLATE utf8_bin NULL DEFAULT NULL,
  `TASK_DEF_KEY_` varchar(255) CHARACTER SET utf8 COLLATE utf8_bin NULL DEFAULT NULL,
  `PROC_INST_ID_` varchar(64) CHARACTER SET utf8 COLLATE utf8_bin NULL DEFAULT NULL,
  `EXECUTION_ID_` varchar(64) CHARACTER SET utf8 COLLATE utf8_bin NULL DEFAULT NULL,
  `NAME_` varchar(255) CHARACTER SET utf8 COLLATE utf8_bin NULL DEFAULT NULL,
  `PARENT_TASK_ID_` varchar(64) CHARACTER SET utf8 COLLATE utf8_bin NULL DEFAULT NULL,
  `DESCRIPTION_` varchar(4000) CHARACTER SET utf8 COLLATE utf8_bin NULL DEFAULT NULL,
  `OWNER_` varchar(255) CHARACTER SET utf8 COLLATE utf8_bin NULL DEFAULT NULL,
  `ASSIGNEE_` varchar(255) CHARACTER SET utf8 COLLATE utf8_bin NULL DEFAULT NULL,
  `START_TIME_` datetime(3) NOT NULL,
  `CLAIM_TIME_` datetime(3) NULL DEFAULT NULL,
  `END_TIME_` datetime(3) NULL DEFAULT NULL,
  `DURATION_` bigint(0) NULL DEFAULT NULL,
  `DELETE_REASON_` varchar(4000) CHARACTER SET utf8 COLLATE utf8_bin NULL DEFAULT NULL,
  `PRIORITY_` int(0) NULL DEFAULT NULL,
  `DUE_DATE_` datetime(3) NULL DEFAULT NULL,
  `FORM_KEY_` varchar(255) CHARACTER SET utf8 COLLATE utf8_bin NULL DEFAULT NULL,
  `CATEGORY_` varchar(255) CHARACTER SET utf8 COLLATE utf8_bin NULL DEFAULT NULL,
  `TENANT_ID_` varchar(255) CHARACTER SET utf8 COLLATE utf8_bin NULL DEFAULT '',
  PRIMARY KEY (`ID_`) USING BTREE,
  INDEX `ACT_IDX_HI_TASK_INST_PROCINST`(`PROC_INST_ID_`) USING BTREE
) ENGINE = InnoDB CHARACTER SET = utf8 COLLATE = utf8_bin ROW_FORMAT = Dynamic;

-- ----------------------------
-- Records of act_hi_taskinst
-- ----------------------------
INSERT INTO `act_hi_taskinst` VALUES ('10005', 'leaveProce_ID:1:4', '_8', '7501', '7511', '', NULL, '', NULL, '1', '2021-03-12 02:00:17.727', NULL, '2021-03-12 02:00:19.075', 1348, NULL, 50, NULL, 'be468c52a18145c3895376388f282848', NULL, '');
INSERT INTO `act_hi_taskinst` VALUES ('12505', 'leaveProce_ID:1:4', '_8', '2501', '2511', '', NULL, '', NULL, '2', '2021-03-12 02:21:13.154', NULL, '2021-03-12 02:21:14.572', 1418, NULL, 50, NULL, '3ebfc530f05e6820723578c3d92bd67c', NULL, '');
INSERT INTO `act_hi_taskinst` VALUES ('12512', 'leaveProce_ID:1:4', '_18', '2501', '2511', 'Boss', NULL, 'Boss', NULL, '2', '2021-03-12 02:21:14.582', NULL, '2021-03-12 02:21:31.430', 16848, NULL, 50, NULL, '3ebfc530f05e6820723578c3d92bd67c', NULL, '');
INSERT INTO `act_hi_taskinst` VALUES ('2514', 'leaveProce_ID:1:4', '_3', '2501', '2511', '', NULL, '', NULL, '1', '2021-03-11 02:28:43.362', NULL, '2021-03-11 02:28:44.685', 1323, NULL, 50, NULL, '3ebfc530f05e6820723578c3d92bd67c', NULL, '');
INSERT INTO `act_hi_taskinst` VALUES ('2520', 'leaveProce_ID:1:4', '_7', '2501', '2511', '', NULL, '', NULL, '1', '2021-03-11 02:28:44.698', NULL, '2021-03-12 02:21:13.134', 85948436, NULL, 50, NULL, '3ebfc530f05e6820723578c3d92bd67c', NULL, '');
INSERT INTO `act_hi_taskinst` VALUES ('5014', 'leaveProce_ID:1:4', '_3', '5001', '5011', '', NULL, '', NULL, '1', '2021-03-11 02:37:41.956', NULL, '2021-03-11 02:37:43.232', 1276, NULL, 50, NULL, '6264eebbfbe9b19ec9e8989cbb8a4d1b', NULL, '');
INSERT INTO `act_hi_taskinst` VALUES ('5020', 'leaveProce_ID:1:4', '_7', '5001', '5011', '', NULL, '', NULL, '1', '2021-03-11 02:37:43.243', NULL, '2021-03-11 02:38:13.111', 29868, NULL, 50, NULL, '6264eebbfbe9b19ec9e8989cbb8a4d1b', NULL, '');
INSERT INTO `act_hi_taskinst` VALUES ('5025', 'leaveProce_ID:1:4', '_8', '5001', '5011', '', NULL, '', NULL, '2', '2021-03-11 02:38:13.113', NULL, '2021-03-11 02:38:14.740', 1627, NULL, 50, NULL, '6264eebbfbe9b19ec9e8989cbb8a4d1b', NULL, '');
INSERT INTO `act_hi_taskinst` VALUES ('5032', 'leaveProce_ID:1:4', '_18', '5001', '5011', 'Boss', NULL, 'Boss', NULL, '2', '2021-03-11 02:38:14.744', NULL, NULL, NULL, NULL, 50, NULL, '6264eebbfbe9b19ec9e8989cbb8a4d1b', NULL, '');
INSERT INTO `act_hi_taskinst` VALUES ('7514', 'leaveProce_ID:1:4', '_3', '7501', '7511', '', NULL, '', NULL, '1', '2021-03-11 03:36:20.361', NULL, '2021-03-11 03:36:21.306', 945, NULL, 50, NULL, 'be468c52a18145c3895376388f282848', NULL, '');
INSERT INTO `act_hi_taskinst` VALUES ('7520', 'leaveProce_ID:1:4', '_7', '7501', '7511', '', NULL, '', NULL, '1', '2021-03-11 03:36:21.317', NULL, '2021-03-12 02:00:17.632', 80636315, NULL, 50, NULL, 'be468c52a18145c3895376388f282848', NULL, '');
INSERT INTO `act_hi_taskinst` VALUES ('7534', 'leaveProce_ID:1:4', '_3', '7521', '7531', '', NULL, '', NULL, '1', '2021-03-11 03:36:30.975', NULL, '2021-03-11 03:36:32.018', 1043, NULL, 50, NULL, '2ff9b1942451ec52e926c6f73fd19cfa', NULL, '');
INSERT INTO `act_hi_taskinst` VALUES ('7540', 'leaveProce_ID:1:4', '_7', '7521', '7531', '', NULL, '', NULL, '1', '2021-03-11 03:36:32.021', NULL, NULL, NULL, NULL, 50, NULL, '2ff9b1942451ec52e926c6f73fd19cfa', NULL, '');
INSERT INTO `act_hi_taskinst` VALUES ('7554', 'leaveProce_ID:1:4', '_3', '7541', '7551', '', NULL, '', NULL, '1', '2021-03-11 03:36:44.754', NULL, '2021-03-11 03:36:45.582', 828, NULL, 50, NULL, '272e29bcffad4497588fa82546e43c79', NULL, '');
INSERT INTO `act_hi_taskinst` VALUES ('7560', 'leaveProce_ID:1:4', '_7', '7541', '7551', '', NULL, '', NULL, '1', '2021-03-11 03:36:45.585', NULL, NULL, NULL, NULL, 50, NULL, '272e29bcffad4497588fa82546e43c79', NULL, '');

-- ----------------------------
-- Table structure for act_hi_varinst
-- ----------------------------
DROP TABLE IF EXISTS `act_hi_varinst`;
CREATE TABLE `act_hi_varinst`  (
  `ID_` varchar(64) CHARACTER SET utf8 COLLATE utf8_bin NOT NULL,
  `PROC_INST_ID_` varchar(64) CHARACTER SET utf8 COLLATE utf8_bin NULL DEFAULT NULL,
  `EXECUTION_ID_` varchar(64) CHARACTER SET utf8 COLLATE utf8_bin NULL DEFAULT NULL,
  `TASK_ID_` varchar(64) CHARACTER SET utf8 COLLATE utf8_bin NULL DEFAULT NULL,
  `NAME_` varchar(255) CHARACTER SET utf8 COLLATE utf8_bin NOT NULL,
  `VAR_TYPE_` varchar(100) CHARACTER SET utf8 COLLATE utf8_bin NULL DEFAULT NULL,
  `REV_` int(0) NULL DEFAULT NULL,
  `BYTEARRAY_ID_` varchar(64) CHARACTER SET utf8 COLLATE utf8_bin NULL DEFAULT NULL,
  `DOUBLE_` double NULL DEFAULT NULL,
  `LONG_` bigint(0) NULL DEFAULT NULL,
  `TEXT_` varchar(4000) CHARACTER SET utf8 COLLATE utf8_bin NULL DEFAULT NULL,
  `TEXT2_` varchar(4000) CHARACTER SET utf8 COLLATE utf8_bin NULL DEFAULT NULL,
  `CREATE_TIME_` datetime(3) NULL DEFAULT NULL,
  `LAST_UPDATED_TIME_` datetime(3) NULL DEFAULT NULL,
  PRIMARY KEY (`ID_`) USING BTREE,
  INDEX `ACT_IDX_HI_PROCVAR_PROC_INST`(`PROC_INST_ID_`) USING BTREE,
  INDEX `ACT_IDX_HI_PROCVAR_NAME_TYPE`(`NAME_`, `VAR_TYPE_`) USING BTREE,
  INDEX `ACT_IDX_HI_PROCVAR_TASK_ID`(`TASK_ID_`) USING BTREE
) ENGINE = InnoDB CHARACTER SET = utf8 COLLATE = utf8_bin ROW_FORMAT = Dynamic;

-- ----------------------------
-- Records of act_hi_varinst
-- ----------------------------
INSERT INTO `act_hi_varinst` VALUES ('2502', '2501', '2501', NULL, '${initator}', 'string', 0, NULL, NULL, NULL, '1', NULL, '2021-03-11 02:28:43.344', '2021-03-11 02:28:43.344');
INSERT INTO `act_hi_varinst` VALUES ('2505', '2501', '2501', NULL, 'formId', 'string', 4, NULL, NULL, NULL, '3ebfc530f05e6820723578c3d92bd67c', NULL, '2021-03-11 02:28:43.345', '2021-03-12 02:21:31.424');
INSERT INTO `act_hi_varinst` VALUES ('2507', '2501', '2501', NULL, 'agent', 'string', 4, NULL, NULL, NULL, '3', NULL, '2021-03-11 02:28:43.345', '2021-03-12 02:21:31.425');
INSERT INTO `act_hi_varinst` VALUES ('2509', '2501', '2501', NULL, 'flag', 'string', 4, NULL, NULL, NULL, 'true', NULL, '2021-03-11 02:28:43.345', '2021-03-12 02:21:31.426');
INSERT INTO `act_hi_varinst` VALUES ('5002', '5001', '5001', NULL, '${initator}', 'string', 0, NULL, NULL, NULL, '1', NULL, '2021-03-11 02:37:41.938', '2021-03-11 02:37:41.938');
INSERT INTO `act_hi_varinst` VALUES ('5005', '5001', '5001', NULL, 'formId', 'string', 3, NULL, NULL, NULL, '6264eebbfbe9b19ec9e8989cbb8a4d1b', NULL, '2021-03-11 02:37:41.939', '2021-03-11 02:38:14.733');
INSERT INTO `act_hi_varinst` VALUES ('5007', '5001', '5001', NULL, 'agent', 'string', 3, NULL, NULL, NULL, '2', NULL, '2021-03-11 02:37:41.939', '2021-03-11 02:38:14.734');
INSERT INTO `act_hi_varinst` VALUES ('5009', '5001', '5001', NULL, 'flag', 'string', 3, NULL, NULL, NULL, 'true', NULL, '2021-03-11 02:37:41.939', '2021-03-11 02:38:14.736');
INSERT INTO `act_hi_varinst` VALUES ('7502', '7501', '7501', NULL, '${initator}', 'string', 0, NULL, NULL, NULL, '1', NULL, '2021-03-11 03:36:20.340', '2021-03-11 03:36:20.340');
INSERT INTO `act_hi_varinst` VALUES ('7505', '7501', '7501', NULL, 'formId', 'string', 2, NULL, NULL, NULL, 'be468c52a18145c3895376388f282848', NULL, '2021-03-11 03:36:20.341', '2021-03-12 02:00:17.618');
INSERT INTO `act_hi_varinst` VALUES ('7507', '7501', '7501', NULL, 'agent', 'string', 2, NULL, NULL, NULL, '1', NULL, '2021-03-11 03:36:20.341', '2021-03-12 02:00:17.621');
INSERT INTO `act_hi_varinst` VALUES ('7509', '7501', '7501', NULL, 'flag', 'string', 2, NULL, NULL, NULL, 'false', NULL, '2021-03-11 03:36:20.341', '2021-03-12 02:00:17.623');
INSERT INTO `act_hi_varinst` VALUES ('7522', '7521', '7521', NULL, '${initator}', 'string', 0, NULL, NULL, NULL, '1', NULL, '2021-03-11 03:36:30.974', '2021-03-11 03:36:30.974');
INSERT INTO `act_hi_varinst` VALUES ('7525', '7521', '7521', NULL, 'formId', 'string', 1, NULL, NULL, NULL, '2ff9b1942451ec52e926c6f73fd19cfa', NULL, '2021-03-11 03:36:30.974', '2021-03-11 03:36:32.011');
INSERT INTO `act_hi_varinst` VALUES ('7527', '7521', '7521', NULL, 'agent', 'string', 1, NULL, NULL, NULL, '1', NULL, '2021-03-11 03:36:30.974', '2021-03-11 03:36:32.012');
INSERT INTO `act_hi_varinst` VALUES ('7529', '7521', '7521', NULL, 'flag', 'string', 1, NULL, NULL, NULL, 'true', NULL, '2021-03-11 03:36:30.974', '2021-03-11 03:36:32.013');
INSERT INTO `act_hi_varinst` VALUES ('7542', '7541', '7541', NULL, '${initator}', 'string', 0, NULL, NULL, NULL, '1', NULL, '2021-03-11 03:36:44.753', '2021-03-11 03:36:44.753');
INSERT INTO `act_hi_varinst` VALUES ('7545', '7541', '7541', NULL, 'formId', 'string', 1, NULL, NULL, NULL, '272e29bcffad4497588fa82546e43c79', NULL, '2021-03-11 03:36:44.754', '2021-03-11 03:36:45.575');
INSERT INTO `act_hi_varinst` VALUES ('7547', '7541', '7541', NULL, 'agent', 'string', 1, NULL, NULL, NULL, '1', NULL, '2021-03-11 03:36:44.754', '2021-03-11 03:36:45.577');
INSERT INTO `act_hi_varinst` VALUES ('7549', '7541', '7541', NULL, 'flag', 'string', 1, NULL, NULL, NULL, 'true', NULL, '2021-03-11 03:36:44.754', '2021-03-11 03:36:45.578');

-- ----------------------------
-- Table structure for act_id_group
-- ----------------------------
DROP TABLE IF EXISTS `act_id_group`;
CREATE TABLE `act_id_group`  (
  `ID_` varchar(64) CHARACTER SET utf8 COLLATE utf8_bin NOT NULL,
  `REV_` int(0) NULL DEFAULT NULL,
  `NAME_` varchar(255) CHARACTER SET utf8 COLLATE utf8_bin NULL DEFAULT NULL,
  `TYPE_` varchar(255) CHARACTER SET utf8 COLLATE utf8_bin NULL DEFAULT NULL,
  PRIMARY KEY (`ID_`) USING BTREE
) ENGINE = InnoDB CHARACTER SET = utf8 COLLATE = utf8_bin ROW_FORMAT = Dynamic;

-- ----------------------------
-- Table structure for act_id_info
-- ----------------------------
DROP TABLE IF EXISTS `act_id_info`;
CREATE TABLE `act_id_info`  (
  `ID_` varchar(64) CHARACTER SET utf8 COLLATE utf8_bin NOT NULL,
  `REV_` int(0) NULL DEFAULT NULL,
  `USER_ID_` varchar(64) CHARACTER SET utf8 COLLATE utf8_bin NULL DEFAULT NULL,
  `TYPE_` varchar(64) CHARACTER SET utf8 COLLATE utf8_bin NULL DEFAULT NULL,
  `KEY_` varchar(255) CHARACTER SET utf8 COLLATE utf8_bin NULL DEFAULT NULL,
  `VALUE_` varchar(255) CHARACTER SET utf8 COLLATE utf8_bin NULL DEFAULT NULL,
  `PASSWORD_` longblob NULL,
  `PARENT_ID_` varchar(255) CHARACTER SET utf8 COLLATE utf8_bin NULL DEFAULT NULL,
  PRIMARY KEY (`ID_`) USING BTREE
) ENGINE = InnoDB CHARACTER SET = utf8 COLLATE = utf8_bin ROW_FORMAT = Dynamic;

-- ----------------------------
-- Table structure for act_id_membership
-- ----------------------------
DROP TABLE IF EXISTS `act_id_membership`;
CREATE TABLE `act_id_membership`  (
  `USER_ID_` varchar(64) CHARACTER SET utf8 COLLATE utf8_bin NOT NULL,
  `GROUP_ID_` varchar(64) CHARACTER SET utf8 COLLATE utf8_bin NOT NULL,
  PRIMARY KEY (`USER_ID_`, `GROUP_ID_`) USING BTREE,
  INDEX `ACT_FK_MEMB_GROUP`(`GROUP_ID_`) USING BTREE,
  CONSTRAINT `ACT_FK_MEMB_GROUP` FOREIGN KEY (`GROUP_ID_`) REFERENCES `act_id_group` (`ID_`) ON DELETE RESTRICT ON UPDATE RESTRICT,
  CONSTRAINT `ACT_FK_MEMB_USER` FOREIGN KEY (`USER_ID_`) REFERENCES `act_id_user` (`ID_`) ON DELETE RESTRICT ON UPDATE RESTRICT
) ENGINE = InnoDB CHARACTER SET = utf8 COLLATE = utf8_bin ROW_FORMAT = Dynamic;

-- ----------------------------
-- Table structure for act_id_user
-- ----------------------------
DROP TABLE IF EXISTS `act_id_user`;
CREATE TABLE `act_id_user`  (
  `ID_` varchar(64) CHARACTER SET utf8 COLLATE utf8_bin NOT NULL,
  `REV_` int(0) NULL DEFAULT NULL,
  `FIRST_` varchar(255) CHARACTER SET utf8 COLLATE utf8_bin NULL DEFAULT NULL,
  `LAST_` varchar(255) CHARACTER SET utf8 COLLATE utf8_bin NULL DEFAULT NULL,
  `EMAIL_` varchar(255) CHARACTER SET utf8 COLLATE utf8_bin NULL DEFAULT NULL,
  `PWD_` varchar(255) CHARACTER SET utf8 COLLATE utf8_bin NULL DEFAULT NULL,
  `PICTURE_ID_` varchar(64) CHARACTER SET utf8 COLLATE utf8_bin NULL DEFAULT NULL,
  PRIMARY KEY (`ID_`) USING BTREE
) ENGINE = InnoDB CHARACTER SET = utf8 COLLATE = utf8_bin ROW_FORMAT = Dynamic;

-- ----------------------------
-- Table structure for act_procdef_info
-- ----------------------------
DROP TABLE IF EXISTS `act_procdef_info`;
CREATE TABLE `act_procdef_info`  (
  `ID_` varchar(64) CHARACTER SET utf8 COLLATE utf8_bin NOT NULL,
  `PROC_DEF_ID_` varchar(64) CHARACTER SET utf8 COLLATE utf8_bin NOT NULL,
  `REV_` int(0) NULL DEFAULT NULL,
  `INFO_JSON_ID_` varchar(64) CHARACTER SET utf8 COLLATE utf8_bin NULL DEFAULT NULL,
  PRIMARY KEY (`ID_`) USING BTREE,
  UNIQUE INDEX `ACT_UNIQ_INFO_PROCDEF`(`PROC_DEF_ID_`) USING BTREE,
  INDEX `ACT_IDX_INFO_PROCDEF`(`PROC_DEF_ID_`) USING BTREE,
  INDEX `ACT_FK_INFO_JSON_BA`(`INFO_JSON_ID_`) USING BTREE,
  CONSTRAINT `ACT_FK_INFO_JSON_BA` FOREIGN KEY (`INFO_JSON_ID_`) REFERENCES `act_ge_bytearray` (`ID_`) ON DELETE RESTRICT ON UPDATE RESTRICT,
  CONSTRAINT `ACT_FK_INFO_PROCDEF` FOREIGN KEY (`PROC_DEF_ID_`) REFERENCES `act_re_procdef` (`ID_`) ON DELETE RESTRICT ON UPDATE RESTRICT
) ENGINE = InnoDB CHARACTER SET = utf8 COLLATE = utf8_bin ROW_FORMAT = Dynamic;

-- ----------------------------
-- Table structure for act_re_deployment
-- ----------------------------
DROP TABLE IF EXISTS `act_re_deployment`;
CREATE TABLE `act_re_deployment`  (
  `ID_` varchar(64) CHARACTER SET utf8 COLLATE utf8_bin NOT NULL,
  `NAME_` varchar(255) CHARACTER SET utf8 COLLATE utf8_bin NULL DEFAULT NULL,
  `CATEGORY_` varchar(255) CHARACTER SET utf8 COLLATE utf8_bin NULL DEFAULT NULL,
  `KEY_` varchar(255) CHARACTER SET utf8 COLLATE utf8_bin NULL DEFAULT NULL,
  `TENANT_ID_` varchar(255) CHARACTER SET utf8 COLLATE utf8_bin NULL DEFAULT '',
  `DEPLOY_TIME_` timestamp(3) NULL DEFAULT NULL,
  `ENGINE_VERSION_` varchar(255) CHARACTER SET utf8 COLLATE utf8_bin NULL DEFAULT NULL,
  PRIMARY KEY (`ID_`) USING BTREE
) ENGINE = InnoDB CHARACTER SET = utf8 COLLATE = utf8_bin ROW_FORMAT = Dynamic;

-- ----------------------------
-- Records of act_re_deployment
-- ----------------------------
INSERT INTO `act_re_deployment` VALUES ('1', NULL, NULL, NULL, '', '2021-03-11 02:19:32.568', NULL);

-- ----------------------------
-- Table structure for act_re_model
-- ----------------------------
DROP TABLE IF EXISTS `act_re_model`;
CREATE TABLE `act_re_model`  (
  `ID_` varchar(64) CHARACTER SET utf8 COLLATE utf8_bin NOT NULL,
  `REV_` int(0) NULL DEFAULT NULL,
  `NAME_` varchar(255) CHARACTER SET utf8 COLLATE utf8_bin NULL DEFAULT NULL,
  `KEY_` varchar(255) CHARACTER SET utf8 COLLATE utf8_bin NULL DEFAULT NULL,
  `CATEGORY_` varchar(255) CHARACTER SET utf8 COLLATE utf8_bin NULL DEFAULT NULL,
  `CREATE_TIME_` timestamp(3) NULL DEFAULT NULL,
  `LAST_UPDATE_TIME_` timestamp(3) NULL DEFAULT NULL,
  `VERSION_` int(0) NULL DEFAULT NULL,
  `META_INFO_` varchar(4000) CHARACTER SET utf8 COLLATE utf8_bin NULL DEFAULT NULL,
  `DEPLOYMENT_ID_` varchar(64) CHARACTER SET utf8 COLLATE utf8_bin NULL DEFAULT NULL,
  `EDITOR_SOURCE_VALUE_ID_` varchar(64) CHARACTER SET utf8 COLLATE utf8_bin NULL DEFAULT NULL,
  `EDITOR_SOURCE_EXTRA_VALUE_ID_` varchar(64) CHARACTER SET utf8 COLLATE utf8_bin NULL DEFAULT NULL,
  `TENANT_ID_` varchar(255) CHARACTER SET utf8 COLLATE utf8_bin NULL DEFAULT '',
  PRIMARY KEY (`ID_`) USING BTREE,
  INDEX `ACT_FK_MODEL_SOURCE`(`EDITOR_SOURCE_VALUE_ID_`) USING BTREE,
  INDEX `ACT_FK_MODEL_SOURCE_EXTRA`(`EDITOR_SOURCE_EXTRA_VALUE_ID_`) USING BTREE,
  INDEX `ACT_FK_MODEL_DEPLOYMENT`(`DEPLOYMENT_ID_`) USING BTREE,
  CONSTRAINT `ACT_FK_MODEL_DEPLOYMENT` FOREIGN KEY (`DEPLOYMENT_ID_`) REFERENCES `act_re_deployment` (`ID_`) ON DELETE RESTRICT ON UPDATE RESTRICT,
  CONSTRAINT `ACT_FK_MODEL_SOURCE` FOREIGN KEY (`EDITOR_SOURCE_VALUE_ID_`) REFERENCES `act_ge_bytearray` (`ID_`) ON DELETE RESTRICT ON UPDATE RESTRICT,
  CONSTRAINT `ACT_FK_MODEL_SOURCE_EXTRA` FOREIGN KEY (`EDITOR_SOURCE_EXTRA_VALUE_ID_`) REFERENCES `act_ge_bytearray` (`ID_`) ON DELETE RESTRICT ON UPDATE RESTRICT
) ENGINE = InnoDB CHARACTER SET = utf8 COLLATE = utf8_bin ROW_FORMAT = Dynamic;

-- ----------------------------
-- Table structure for act_re_procdef
-- ----------------------------
DROP TABLE IF EXISTS `act_re_procdef`;
CREATE TABLE `act_re_procdef`  (
  `ID_` varchar(64) CHARACTER SET utf8 COLLATE utf8_bin NOT NULL,
  `REV_` int(0) NULL DEFAULT NULL,
  `CATEGORY_` varchar(255) CHARACTER SET utf8 COLLATE utf8_bin NULL DEFAULT NULL,
  `NAME_` varchar(255) CHARACTER SET utf8 COLLATE utf8_bin NULL DEFAULT NULL,
  `KEY_` varchar(255) CHARACTER SET utf8 COLLATE utf8_bin NOT NULL,
  `VERSION_` int(0) NOT NULL,
  `DEPLOYMENT_ID_` varchar(64) CHARACTER SET utf8 COLLATE utf8_bin NULL DEFAULT NULL,
  `RESOURCE_NAME_` varchar(4000) CHARACTER SET utf8 COLLATE utf8_bin NULL DEFAULT NULL,
  `DGRM_RESOURCE_NAME_` varchar(4000) CHARACTER SET utf8 COLLATE utf8_bin NULL DEFAULT NULL,
  `DESCRIPTION_` varchar(4000) CHARACTER SET utf8 COLLATE utf8_bin NULL DEFAULT NULL,
  `HAS_START_FORM_KEY_` tinyint(0) NULL DEFAULT NULL,
  `HAS_GRAPHICAL_NOTATION_` tinyint(0) NULL DEFAULT NULL,
  `SUSPENSION_STATE_` int(0) NULL DEFAULT NULL,
  `TENANT_ID_` varchar(255) CHARACTER SET utf8 COLLATE utf8_bin NULL DEFAULT '',
  `ENGINE_VERSION_` varchar(255) CHARACTER SET utf8 COLLATE utf8_bin NULL DEFAULT NULL,
  PRIMARY KEY (`ID_`) USING BTREE,
  UNIQUE INDEX `ACT_UNIQ_PROCDEF`(`KEY_`, `VERSION_`, `TENANT_ID_`) USING BTREE
) ENGINE = InnoDB CHARACTER SET = utf8 COLLATE = utf8_bin ROW_FORMAT = Dynamic;

-- ----------------------------
-- Records of act_re_procdef
-- ----------------------------
INSERT INTO `act_re_procdef` VALUES ('leaveProce_ID:1:4', 1, 'http://www.activiti.org/test', '', 'leaveProce_ID', 1, '1', 'processes/leave.bpmn', 'processes/leave.leaveProce_ID.png', NULL, 0, 1, 1, '', NULL);

-- ----------------------------
-- Table structure for act_ru_deadletter_job
-- ----------------------------
DROP TABLE IF EXISTS `act_ru_deadletter_job`;
CREATE TABLE `act_ru_deadletter_job`  (
  `ID_` varchar(64) CHARACTER SET utf8 COLLATE utf8_bin NOT NULL,
  `REV_` int(0) NULL DEFAULT NULL,
  `TYPE_` varchar(255) CHARACTER SET utf8 COLLATE utf8_bin NOT NULL,
  `EXCLUSIVE_` tinyint(1) NULL DEFAULT NULL,
  `EXECUTION_ID_` varchar(64) CHARACTER SET utf8 COLLATE utf8_bin NULL DEFAULT NULL,
  `PROCESS_INSTANCE_ID_` varchar(64) CHARACTER SET utf8 COLLATE utf8_bin NULL DEFAULT NULL,
  `PROC_DEF_ID_` varchar(64) CHARACTER SET utf8 COLLATE utf8_bin NULL DEFAULT NULL,
  `EXCEPTION_STACK_ID_` varchar(64) CHARACTER SET utf8 COLLATE utf8_bin NULL DEFAULT NULL,
  `EXCEPTION_MSG_` varchar(4000) CHARACTER SET utf8 COLLATE utf8_bin NULL DEFAULT NULL,
  `DUEDATE_` timestamp(3) NULL DEFAULT NULL,
  `REPEAT_` varchar(255) CHARACTER SET utf8 COLLATE utf8_bin NULL DEFAULT NULL,
  `HANDLER_TYPE_` varchar(255) CHARACTER SET utf8 COLLATE utf8_bin NULL DEFAULT NULL,
  `HANDLER_CFG_` varchar(4000) CHARACTER SET utf8 COLLATE utf8_bin NULL DEFAULT NULL,
  `TENANT_ID_` varchar(255) CHARACTER SET utf8 COLLATE utf8_bin NULL DEFAULT '',
  PRIMARY KEY (`ID_`) USING BTREE,
  INDEX `ACT_FK_DEADLETTER_JOB_EXECUTION`(`EXECUTION_ID_`) USING BTREE,
  INDEX `ACT_FK_DEADLETTER_JOB_PROCESS_INSTANCE`(`PROCESS_INSTANCE_ID_`) USING BTREE,
  INDEX `ACT_FK_DEADLETTER_JOB_PROC_DEF`(`PROC_DEF_ID_`) USING BTREE,
  INDEX `ACT_FK_DEADLETTER_JOB_EXCEPTION`(`EXCEPTION_STACK_ID_`) USING BTREE,
  CONSTRAINT `ACT_FK_DEADLETTER_JOB_EXCEPTION` FOREIGN KEY (`EXCEPTION_STACK_ID_`) REFERENCES `act_ge_bytearray` (`ID_`) ON DELETE RESTRICT ON UPDATE RESTRICT,
  CONSTRAINT `ACT_FK_DEADLETTER_JOB_EXECUTION` FOREIGN KEY (`EXECUTION_ID_`) REFERENCES `act_ru_execution` (`ID_`) ON DELETE RESTRICT ON UPDATE RESTRICT,
  CONSTRAINT `ACT_FK_DEADLETTER_JOB_PROC_DEF` FOREIGN KEY (`PROC_DEF_ID_`) REFERENCES `act_re_procdef` (`ID_`) ON DELETE RESTRICT ON UPDATE RESTRICT,
  CONSTRAINT `ACT_FK_DEADLETTER_JOB_PROCESS_INSTANCE` FOREIGN KEY (`PROCESS_INSTANCE_ID_`) REFERENCES `act_ru_execution` (`ID_`) ON DELETE RESTRICT ON UPDATE RESTRICT
) ENGINE = InnoDB CHARACTER SET = utf8 COLLATE = utf8_bin ROW_FORMAT = Dynamic;

-- ----------------------------
-- Table structure for act_ru_event_subscr
-- ----------------------------
DROP TABLE IF EXISTS `act_ru_event_subscr`;
CREATE TABLE `act_ru_event_subscr`  (
  `ID_` varchar(64) CHARACTER SET utf8 COLLATE utf8_bin NOT NULL,
  `REV_` int(0) NULL DEFAULT NULL,
  `EVENT_TYPE_` varchar(255) CHARACTER SET utf8 COLLATE utf8_bin NOT NULL,
  `EVENT_NAME_` varchar(255) CHARACTER SET utf8 COLLATE utf8_bin NULL DEFAULT NULL,
  `EXECUTION_ID_` varchar(64) CHARACTER SET utf8 COLLATE utf8_bin NULL DEFAULT NULL,
  `PROC_INST_ID_` varchar(64) CHARACTER SET utf8 COLLATE utf8_bin NULL DEFAULT NULL,
  `ACTIVITY_ID_` varchar(64) CHARACTER SET utf8 COLLATE utf8_bin NULL DEFAULT NULL,
  `CONFIGURATION_` varchar(255) CHARACTER SET utf8 COLLATE utf8_bin NULL DEFAULT NULL,
  `CREATED_` timestamp(3) NOT NULL DEFAULT CURRENT_TIMESTAMP(3),
  `PROC_DEF_ID_` varchar(64) CHARACTER SET utf8 COLLATE utf8_bin NULL DEFAULT NULL,
  `TENANT_ID_` varchar(255) CHARACTER SET utf8 COLLATE utf8_bin NULL DEFAULT '',
  PRIMARY KEY (`ID_`) USING BTREE,
  INDEX `ACT_IDX_EVENT_SUBSCR_CONFIG_`(`CONFIGURATION_`) USING BTREE,
  INDEX `ACT_FK_EVENT_EXEC`(`EXECUTION_ID_`) USING BTREE,
  CONSTRAINT `ACT_FK_EVENT_EXEC` FOREIGN KEY (`EXECUTION_ID_`) REFERENCES `act_ru_execution` (`ID_`) ON DELETE RESTRICT ON UPDATE RESTRICT
) ENGINE = InnoDB CHARACTER SET = utf8 COLLATE = utf8_bin ROW_FORMAT = Dynamic;

-- ----------------------------
-- Table structure for act_ru_execution
-- ----------------------------
DROP TABLE IF EXISTS `act_ru_execution`;
CREATE TABLE `act_ru_execution`  (
  `ID_` varchar(64) CHARACTER SET utf8 COLLATE utf8_bin NOT NULL,
  `REV_` int(0) NULL DEFAULT NULL,
  `PROC_INST_ID_` varchar(64) CHARACTER SET utf8 COLLATE utf8_bin NULL DEFAULT NULL,
  `BUSINESS_KEY_` varchar(255) CHARACTER SET utf8 COLLATE utf8_bin NULL DEFAULT NULL,
  `PARENT_ID_` varchar(64) CHARACTER SET utf8 COLLATE utf8_bin NULL DEFAULT NULL,
  `PROC_DEF_ID_` varchar(64) CHARACTER SET utf8 COLLATE utf8_bin NULL DEFAULT NULL,
  `SUPER_EXEC_` varchar(64) CHARACTER SET utf8 COLLATE utf8_bin NULL DEFAULT NULL,
  `ROOT_PROC_INST_ID_` varchar(64) CHARACTER SET utf8 COLLATE utf8_bin NULL DEFAULT NULL,
  `ACT_ID_` varchar(255) CHARACTER SET utf8 COLLATE utf8_bin NULL DEFAULT NULL,
  `IS_ACTIVE_` tinyint(0) NULL DEFAULT NULL,
  `IS_CONCURRENT_` tinyint(0) NULL DEFAULT NULL,
  `IS_SCOPE_` tinyint(0) NULL DEFAULT NULL,
  `IS_EVENT_SCOPE_` tinyint(0) NULL DEFAULT NULL,
  `IS_MI_ROOT_` tinyint(0) NULL DEFAULT NULL,
  `SUSPENSION_STATE_` int(0) NULL DEFAULT NULL,
  `CACHED_ENT_STATE_` int(0) NULL DEFAULT NULL,
  `TENANT_ID_` varchar(255) CHARACTER SET utf8 COLLATE utf8_bin NULL DEFAULT '',
  `NAME_` varchar(255) CHARACTER SET utf8 COLLATE utf8_bin NULL DEFAULT NULL,
  `START_TIME_` datetime(3) NULL DEFAULT NULL,
  `START_USER_ID_` varchar(255) CHARACTER SET utf8 COLLATE utf8_bin NULL DEFAULT NULL,
  `LOCK_TIME_` timestamp(3) NULL DEFAULT NULL,
  `IS_COUNT_ENABLED_` tinyint(0) NULL DEFAULT NULL,
  `EVT_SUBSCR_COUNT_` int(0) NULL DEFAULT NULL,
  `TASK_COUNT_` int(0) NULL DEFAULT NULL,
  `JOB_COUNT_` int(0) NULL DEFAULT NULL,
  `TIMER_JOB_COUNT_` int(0) NULL DEFAULT NULL,
  `SUSP_JOB_COUNT_` int(0) NULL DEFAULT NULL,
  `DEADLETTER_JOB_COUNT_` int(0) NULL DEFAULT NULL,
  `VAR_COUNT_` int(0) NULL DEFAULT NULL,
  `ID_LINK_COUNT_` int(0) NULL DEFAULT NULL,
  PRIMARY KEY (`ID_`) USING BTREE,
  INDEX `ACT_IDX_EXEC_BUSKEY`(`BUSINESS_KEY_`) USING BTREE,
  INDEX `ACT_IDC_EXEC_ROOT`(`ROOT_PROC_INST_ID_`) USING BTREE,
  INDEX `ACT_FK_EXE_PROCINST`(`PROC_INST_ID_`) USING BTREE,
  INDEX `ACT_FK_EXE_PARENT`(`PARENT_ID_`) USING BTREE,
  INDEX `ACT_FK_EXE_SUPER`(`SUPER_EXEC_`) USING BTREE,
  INDEX `ACT_FK_EXE_PROCDEF`(`PROC_DEF_ID_`) USING BTREE,
  CONSTRAINT `ACT_FK_EXE_PARENT` FOREIGN KEY (`PARENT_ID_`) REFERENCES `act_ru_execution` (`ID_`) ON DELETE CASCADE ON UPDATE RESTRICT,
  CONSTRAINT `ACT_FK_EXE_PROCDEF` FOREIGN KEY (`PROC_DEF_ID_`) REFERENCES `act_re_procdef` (`ID_`) ON DELETE RESTRICT ON UPDATE RESTRICT,
  CONSTRAINT `ACT_FK_EXE_PROCINST` FOREIGN KEY (`PROC_INST_ID_`) REFERENCES `act_ru_execution` (`ID_`) ON DELETE CASCADE ON UPDATE CASCADE,
  CONSTRAINT `ACT_FK_EXE_SUPER` FOREIGN KEY (`SUPER_EXEC_`) REFERENCES `act_ru_execution` (`ID_`) ON DELETE CASCADE ON UPDATE RESTRICT
) ENGINE = InnoDB CHARACTER SET = utf8 COLLATE = utf8_bin ROW_FORMAT = Dynamic;

-- ----------------------------
-- Records of act_ru_execution
-- ----------------------------
INSERT INTO `act_ru_execution` VALUES ('5001', 1, '5001', '6264eebbfbe9b19ec9e8989cbb8a4d1b', NULL, 'leaveProce_ID:1:4', NULL, '5001', NULL, 1, 0, 1, 0, 0, 1, NULL, '', NULL, '2021-03-11 02:37:41.876', '1', NULL, 0, 0, 0, 0, 0, 0, 0, 0, 0);
INSERT INTO `act_ru_execution` VALUES ('5011', 4, '5001', NULL, '5001', 'leaveProce_ID:1:4', NULL, '5001', '_18', 1, 0, 0, 0, 0, 1, NULL, '', NULL, '2021-03-11 02:37:41.940', NULL, NULL, 0, 0, 0, 0, 0, 0, 0, 0, 0);
INSERT INTO `act_ru_execution` VALUES ('7521', 1, '7521', '2ff9b1942451ec52e926c6f73fd19cfa', NULL, 'leaveProce_ID:1:4', NULL, '7521', NULL, 1, 0, 1, 0, 0, 1, NULL, '', NULL, '2021-03-11 03:36:30.974', '1', NULL, 0, 0, 0, 0, 0, 0, 0, 0, 0);
INSERT INTO `act_ru_execution` VALUES ('7531', 2, '7521', NULL, '7521', 'leaveProce_ID:1:4', NULL, '7521', '_7', 1, 0, 0, 0, 0, 1, NULL, '', NULL, '2021-03-11 03:36:30.974', NULL, NULL, 0, 0, 0, 0, 0, 0, 0, 0, 0);
INSERT INTO `act_ru_execution` VALUES ('7541', 1, '7541', '272e29bcffad4497588fa82546e43c79', NULL, 'leaveProce_ID:1:4', NULL, '7541', NULL, 1, 0, 1, 0, 0, 1, NULL, '', NULL, '2021-03-11 03:36:44.753', '1', NULL, 0, 0, 0, 0, 0, 0, 0, 0, 0);
INSERT INTO `act_ru_execution` VALUES ('7551', 2, '7541', NULL, '7541', 'leaveProce_ID:1:4', NULL, '7541', '_7', 1, 0, 0, 0, 0, 1, NULL, '', NULL, '2021-03-11 03:36:44.754', NULL, NULL, 0, 0, 0, 0, 0, 0, 0, 0, 0);

-- ----------------------------
-- Table structure for act_ru_identitylink
-- ----------------------------
DROP TABLE IF EXISTS `act_ru_identitylink`;
CREATE TABLE `act_ru_identitylink`  (
  `ID_` varchar(64) CHARACTER SET utf8 COLLATE utf8_bin NOT NULL,
  `REV_` int(0) NULL DEFAULT NULL,
  `GROUP_ID_` varchar(255) CHARACTER SET utf8 COLLATE utf8_bin NULL DEFAULT NULL,
  `TYPE_` varchar(255) CHARACTER SET utf8 COLLATE utf8_bin NULL DEFAULT NULL,
  `USER_ID_` varchar(255) CHARACTER SET utf8 COLLATE utf8_bin NULL DEFAULT NULL,
  `TASK_ID_` varchar(64) CHARACTER SET utf8 COLLATE utf8_bin NULL DEFAULT NULL,
  `PROC_INST_ID_` varchar(64) CHARACTER SET utf8 COLLATE utf8_bin NULL DEFAULT NULL,
  `PROC_DEF_ID_` varchar(64) CHARACTER SET utf8 COLLATE utf8_bin NULL DEFAULT NULL,
  PRIMARY KEY (`ID_`) USING BTREE,
  INDEX `ACT_IDX_IDENT_LNK_USER`(`USER_ID_`) USING BTREE,
  INDEX `ACT_IDX_IDENT_LNK_GROUP`(`GROUP_ID_`) USING BTREE,
  INDEX `ACT_IDX_ATHRZ_PROCEDEF`(`PROC_DEF_ID_`) USING BTREE,
  INDEX `ACT_FK_TSKASS_TASK`(`TASK_ID_`) USING BTREE,
  INDEX `ACT_FK_IDL_PROCINST`(`PROC_INST_ID_`) USING BTREE,
  CONSTRAINT `ACT_FK_ATHRZ_PROCEDEF` FOREIGN KEY (`PROC_DEF_ID_`) REFERENCES `act_re_procdef` (`ID_`) ON DELETE RESTRICT ON UPDATE RESTRICT,
  CONSTRAINT `ACT_FK_IDL_PROCINST` FOREIGN KEY (`PROC_INST_ID_`) REFERENCES `act_ru_execution` (`ID_`) ON DELETE RESTRICT ON UPDATE RESTRICT,
  CONSTRAINT `ACT_FK_TSKASS_TASK` FOREIGN KEY (`TASK_ID_`) REFERENCES `act_ru_task` (`ID_`) ON DELETE RESTRICT ON UPDATE RESTRICT
) ENGINE = InnoDB CHARACTER SET = utf8 COLLATE = utf8_bin ROW_FORMAT = Dynamic;

-- ----------------------------
-- Records of act_ru_identitylink
-- ----------------------------
INSERT INTO `act_ru_identitylink` VALUES ('5004', 1, NULL, 'starter', '1', NULL, '5001', NULL);
INSERT INTO `act_ru_identitylink` VALUES ('5026', 1, NULL, 'participant', '2', NULL, '5001', NULL);
INSERT INTO `act_ru_identitylink` VALUES ('7524', 1, NULL, 'starter', '1', NULL, '7521', NULL);
INSERT INTO `act_ru_identitylink` VALUES ('7544', 1, NULL, 'starter', '1', NULL, '7541', NULL);

-- ----------------------------
-- Table structure for act_ru_job
-- ----------------------------
DROP TABLE IF EXISTS `act_ru_job`;
CREATE TABLE `act_ru_job`  (
  `ID_` varchar(64) CHARACTER SET utf8 COLLATE utf8_bin NOT NULL,
  `REV_` int(0) NULL DEFAULT NULL,
  `TYPE_` varchar(255) CHARACTER SET utf8 COLLATE utf8_bin NOT NULL,
  `LOCK_EXP_TIME_` timestamp(3) NULL DEFAULT NULL,
  `LOCK_OWNER_` varchar(255) CHARACTER SET utf8 COLLATE utf8_bin NULL DEFAULT NULL,
  `EXCLUSIVE_` tinyint(1) NULL DEFAULT NULL,
  `EXECUTION_ID_` varchar(64) CHARACTER SET utf8 COLLATE utf8_bin NULL DEFAULT NULL,
  `PROCESS_INSTANCE_ID_` varchar(64) CHARACTER SET utf8 COLLATE utf8_bin NULL DEFAULT NULL,
  `PROC_DEF_ID_` varchar(64) CHARACTER SET utf8 COLLATE utf8_bin NULL DEFAULT NULL,
  `RETRIES_` int(0) NULL DEFAULT NULL,
  `EXCEPTION_STACK_ID_` varchar(64) CHARACTER SET utf8 COLLATE utf8_bin NULL DEFAULT NULL,
  `EXCEPTION_MSG_` varchar(4000) CHARACTER SET utf8 COLLATE utf8_bin NULL DEFAULT NULL,
  `DUEDATE_` timestamp(3) NULL DEFAULT NULL,
  `REPEAT_` varchar(255) CHARACTER SET utf8 COLLATE utf8_bin NULL DEFAULT NULL,
  `HANDLER_TYPE_` varchar(255) CHARACTER SET utf8 COLLATE utf8_bin NULL DEFAULT NULL,
  `HANDLER_CFG_` varchar(4000) CHARACTER SET utf8 COLLATE utf8_bin NULL DEFAULT NULL,
  `TENANT_ID_` varchar(255) CHARACTER SET utf8 COLLATE utf8_bin NULL DEFAULT '',
  PRIMARY KEY (`ID_`) USING BTREE,
  INDEX `ACT_FK_JOB_EXECUTION`(`EXECUTION_ID_`) USING BTREE,
  INDEX `ACT_FK_JOB_PROCESS_INSTANCE`(`PROCESS_INSTANCE_ID_`) USING BTREE,
  INDEX `ACT_FK_JOB_PROC_DEF`(`PROC_DEF_ID_`) USING BTREE,
  INDEX `ACT_FK_JOB_EXCEPTION`(`EXCEPTION_STACK_ID_`) USING BTREE,
  CONSTRAINT `ACT_FK_JOB_EXCEPTION` FOREIGN KEY (`EXCEPTION_STACK_ID_`) REFERENCES `act_ge_bytearray` (`ID_`) ON DELETE RESTRICT ON UPDATE RESTRICT,
  CONSTRAINT `ACT_FK_JOB_EXECUTION` FOREIGN KEY (`EXECUTION_ID_`) REFERENCES `act_ru_execution` (`ID_`) ON DELETE RESTRICT ON UPDATE RESTRICT,
  CONSTRAINT `ACT_FK_JOB_PROC_DEF` FOREIGN KEY (`PROC_DEF_ID_`) REFERENCES `act_re_procdef` (`ID_`) ON DELETE RESTRICT ON UPDATE RESTRICT,
  CONSTRAINT `ACT_FK_JOB_PROCESS_INSTANCE` FOREIGN KEY (`PROCESS_INSTANCE_ID_`) REFERENCES `act_ru_execution` (`ID_`) ON DELETE RESTRICT ON UPDATE RESTRICT
) ENGINE = InnoDB CHARACTER SET = utf8 COLLATE = utf8_bin ROW_FORMAT = Dynamic;

-- ----------------------------
-- Table structure for act_ru_suspended_job
-- ----------------------------
DROP TABLE IF EXISTS `act_ru_suspended_job`;
CREATE TABLE `act_ru_suspended_job`  (
  `ID_` varchar(64) CHARACTER SET utf8 COLLATE utf8_bin NOT NULL,
  `REV_` int(0) NULL DEFAULT NULL,
  `TYPE_` varchar(255) CHARACTER SET utf8 COLLATE utf8_bin NOT NULL,
  `EXCLUSIVE_` tinyint(1) NULL DEFAULT NULL,
  `EXECUTION_ID_` varchar(64) CHARACTER SET utf8 COLLATE utf8_bin NULL DEFAULT NULL,
  `PROCESS_INSTANCE_ID_` varchar(64) CHARACTER SET utf8 COLLATE utf8_bin NULL DEFAULT NULL,
  `PROC_DEF_ID_` varchar(64) CHARACTER SET utf8 COLLATE utf8_bin NULL DEFAULT NULL,
  `RETRIES_` int(0) NULL DEFAULT NULL,
  `EXCEPTION_STACK_ID_` varchar(64) CHARACTER SET utf8 COLLATE utf8_bin NULL DEFAULT NULL,
  `EXCEPTION_MSG_` varchar(4000) CHARACTER SET utf8 COLLATE utf8_bin NULL DEFAULT NULL,
  `DUEDATE_` timestamp(3) NULL DEFAULT NULL,
  `REPEAT_` varchar(255) CHARACTER SET utf8 COLLATE utf8_bin NULL DEFAULT NULL,
  `HANDLER_TYPE_` varchar(255) CHARACTER SET utf8 COLLATE utf8_bin NULL DEFAULT NULL,
  `HANDLER_CFG_` varchar(4000) CHARACTER SET utf8 COLLATE utf8_bin NULL DEFAULT NULL,
  `TENANT_ID_` varchar(255) CHARACTER SET utf8 COLLATE utf8_bin NULL DEFAULT '',
  PRIMARY KEY (`ID_`) USING BTREE,
  INDEX `ACT_FK_SUSPENDED_JOB_EXECUTION`(`EXECUTION_ID_`) USING BTREE,
  INDEX `ACT_FK_SUSPENDED_JOB_PROCESS_INSTANCE`(`PROCESS_INSTANCE_ID_`) USING BTREE,
  INDEX `ACT_FK_SUSPENDED_JOB_PROC_DEF`(`PROC_DEF_ID_`) USING BTREE,
  INDEX `ACT_FK_SUSPENDED_JOB_EXCEPTION`(`EXCEPTION_STACK_ID_`) USING BTREE,
  CONSTRAINT `ACT_FK_SUSPENDED_JOB_EXCEPTION` FOREIGN KEY (`EXCEPTION_STACK_ID_`) REFERENCES `act_ge_bytearray` (`ID_`) ON DELETE RESTRICT ON UPDATE RESTRICT,
  CONSTRAINT `ACT_FK_SUSPENDED_JOB_EXECUTION` FOREIGN KEY (`EXECUTION_ID_`) REFERENCES `act_ru_execution` (`ID_`) ON DELETE RESTRICT ON UPDATE RESTRICT,
  CONSTRAINT `ACT_FK_SUSPENDED_JOB_PROC_DEF` FOREIGN KEY (`PROC_DEF_ID_`) REFERENCES `act_re_procdef` (`ID_`) ON DELETE RESTRICT ON UPDATE RESTRICT,
  CONSTRAINT `ACT_FK_SUSPENDED_JOB_PROCESS_INSTANCE` FOREIGN KEY (`PROCESS_INSTANCE_ID_`) REFERENCES `act_ru_execution` (`ID_`) ON DELETE RESTRICT ON UPDATE RESTRICT
) ENGINE = InnoDB CHARACTER SET = utf8 COLLATE = utf8_bin ROW_FORMAT = Dynamic;

-- ----------------------------
-- Table structure for act_ru_task
-- ----------------------------
DROP TABLE IF EXISTS `act_ru_task`;
CREATE TABLE `act_ru_task`  (
  `ID_` varchar(64) CHARACTER SET utf8 COLLATE utf8_bin NOT NULL,
  `REV_` int(0) NULL DEFAULT NULL,
  `EXECUTION_ID_` varchar(64) CHARACTER SET utf8 COLLATE utf8_bin NULL DEFAULT NULL,
  `PROC_INST_ID_` varchar(64) CHARACTER SET utf8 COLLATE utf8_bin NULL DEFAULT NULL,
  `PROC_DEF_ID_` varchar(64) CHARACTER SET utf8 COLLATE utf8_bin NULL DEFAULT NULL,
  `NAME_` varchar(255) CHARACTER SET utf8 COLLATE utf8_bin NULL DEFAULT NULL,
  `PARENT_TASK_ID_` varchar(64) CHARACTER SET utf8 COLLATE utf8_bin NULL DEFAULT NULL,
  `DESCRIPTION_` varchar(4000) CHARACTER SET utf8 COLLATE utf8_bin NULL DEFAULT NULL,
  `TASK_DEF_KEY_` varchar(255) CHARACTER SET utf8 COLLATE utf8_bin NULL DEFAULT NULL,
  `OWNER_` varchar(255) CHARACTER SET utf8 COLLATE utf8_bin NULL DEFAULT NULL,
  `ASSIGNEE_` varchar(255) CHARACTER SET utf8 COLLATE utf8_bin NULL DEFAULT NULL,
  `DELEGATION_` varchar(64) CHARACTER SET utf8 COLLATE utf8_bin NULL DEFAULT NULL,
  `PRIORITY_` int(0) NULL DEFAULT NULL,
  `CREATE_TIME_` timestamp(3) NULL DEFAULT NULL,
  `DUE_DATE_` datetime(3) NULL DEFAULT NULL,
  `CATEGORY_` varchar(255) CHARACTER SET utf8 COLLATE utf8_bin NULL DEFAULT NULL,
  `SUSPENSION_STATE_` int(0) NULL DEFAULT NULL,
  `TENANT_ID_` varchar(255) CHARACTER SET utf8 COLLATE utf8_bin NULL DEFAULT '',
  `FORM_KEY_` varchar(255) CHARACTER SET utf8 COLLATE utf8_bin NULL DEFAULT NULL,
  `CLAIM_TIME_` datetime(3) NULL DEFAULT NULL,
  PRIMARY KEY (`ID_`) USING BTREE,
  INDEX `ACT_IDX_TASK_CREATE`(`CREATE_TIME_`) USING BTREE,
  INDEX `ACT_FK_TASK_EXE`(`EXECUTION_ID_`) USING BTREE,
  INDEX `ACT_FK_TASK_PROCINST`(`PROC_INST_ID_`) USING BTREE,
  INDEX `ACT_FK_TASK_PROCDEF`(`PROC_DEF_ID_`) USING BTREE,
  CONSTRAINT `ACT_FK_TASK_EXE` FOREIGN KEY (`EXECUTION_ID_`) REFERENCES `act_ru_execution` (`ID_`) ON DELETE RESTRICT ON UPDATE RESTRICT,
  CONSTRAINT `ACT_FK_TASK_PROCDEF` FOREIGN KEY (`PROC_DEF_ID_`) REFERENCES `act_re_procdef` (`ID_`) ON DELETE RESTRICT ON UPDATE RESTRICT,
  CONSTRAINT `ACT_FK_TASK_PROCINST` FOREIGN KEY (`PROC_INST_ID_`) REFERENCES `act_ru_execution` (`ID_`) ON DELETE RESTRICT ON UPDATE RESTRICT
) ENGINE = InnoDB CHARACTER SET = utf8 COLLATE = utf8_bin ROW_FORMAT = Dynamic;

-- ----------------------------
-- Records of act_ru_task
-- ----------------------------
INSERT INTO `act_ru_task` VALUES ('5032', 1, '5011', '5001', 'leaveProce_ID:1:4', 'Boss', NULL, 'Boss', '_18', NULL, '2', NULL, 50, '2021-03-11 02:38:14.743', NULL, NULL, 1, '', '6264eebbfbe9b19ec9e8989cbb8a4d1b', NULL);
INSERT INTO `act_ru_task` VALUES ('7540', 1, '7531', '7521', 'leaveProce_ID:1:4', '', NULL, '', '_7', NULL, '1', NULL, 50, '2021-03-11 03:36:32.021', NULL, NULL, 1, '', '2ff9b1942451ec52e926c6f73fd19cfa', NULL);
INSERT INTO `act_ru_task` VALUES ('7560', 1, '7551', '7541', 'leaveProce_ID:1:4', '', NULL, '', '_7', NULL, '1', NULL, 50, '2021-03-11 03:36:45.585', NULL, NULL, 1, '', '272e29bcffad4497588fa82546e43c79', NULL);

-- ----------------------------
-- Table structure for act_ru_timer_job
-- ----------------------------
DROP TABLE IF EXISTS `act_ru_timer_job`;
CREATE TABLE `act_ru_timer_job`  (
  `ID_` varchar(64) CHARACTER SET utf8 COLLATE utf8_bin NOT NULL,
  `REV_` int(0) NULL DEFAULT NULL,
  `TYPE_` varchar(255) CHARACTER SET utf8 COLLATE utf8_bin NOT NULL,
  `LOCK_EXP_TIME_` timestamp(3) NULL DEFAULT NULL,
  `LOCK_OWNER_` varchar(255) CHARACTER SET utf8 COLLATE utf8_bin NULL DEFAULT NULL,
  `EXCLUSIVE_` tinyint(1) NULL DEFAULT NULL,
  `EXECUTION_ID_` varchar(64) CHARACTER SET utf8 COLLATE utf8_bin NULL DEFAULT NULL,
  `PROCESS_INSTANCE_ID_` varchar(64) CHARACTER SET utf8 COLLATE utf8_bin NULL DEFAULT NULL,
  `PROC_DEF_ID_` varchar(64) CHARACTER SET utf8 COLLATE utf8_bin NULL DEFAULT NULL,
  `RETRIES_` int(0) NULL DEFAULT NULL,
  `EXCEPTION_STACK_ID_` varchar(64) CHARACTER SET utf8 COLLATE utf8_bin NULL DEFAULT NULL,
  `EXCEPTION_MSG_` varchar(4000) CHARACTER SET utf8 COLLATE utf8_bin NULL DEFAULT NULL,
  `DUEDATE_` timestamp(3) NULL DEFAULT NULL,
  `REPEAT_` varchar(255) CHARACTER SET utf8 COLLATE utf8_bin NULL DEFAULT NULL,
  `HANDLER_TYPE_` varchar(255) CHARACTER SET utf8 COLLATE utf8_bin NULL DEFAULT NULL,
  `HANDLER_CFG_` varchar(4000) CHARACTER SET utf8 COLLATE utf8_bin NULL DEFAULT NULL,
  `TENANT_ID_` varchar(255) CHARACTER SET utf8 COLLATE utf8_bin NULL DEFAULT '',
  PRIMARY KEY (`ID_`) USING BTREE,
  INDEX `ACT_FK_TIMER_JOB_EXECUTION`(`EXECUTION_ID_`) USING BTREE,
  INDEX `ACT_FK_TIMER_JOB_PROCESS_INSTANCE`(`PROCESS_INSTANCE_ID_`) USING BTREE,
  INDEX `ACT_FK_TIMER_JOB_PROC_DEF`(`PROC_DEF_ID_`) USING BTREE,
  INDEX `ACT_FK_TIMER_JOB_EXCEPTION`(`EXCEPTION_STACK_ID_`) USING BTREE,
  CONSTRAINT `ACT_FK_TIMER_JOB_EXCEPTION` FOREIGN KEY (`EXCEPTION_STACK_ID_`) REFERENCES `act_ge_bytearray` (`ID_`) ON DELETE RESTRICT ON UPDATE RESTRICT,
  CONSTRAINT `ACT_FK_TIMER_JOB_EXECUTION` FOREIGN KEY (`EXECUTION_ID_`) REFERENCES `act_ru_execution` (`ID_`) ON DELETE RESTRICT ON UPDATE RESTRICT,
  CONSTRAINT `ACT_FK_TIMER_JOB_PROC_DEF` FOREIGN KEY (`PROC_DEF_ID_`) REFERENCES `act_re_procdef` (`ID_`) ON DELETE RESTRICT ON UPDATE RESTRICT,
  CONSTRAINT `ACT_FK_TIMER_JOB_PROCESS_INSTANCE` FOREIGN KEY (`PROCESS_INSTANCE_ID_`) REFERENCES `act_ru_execution` (`ID_`) ON DELETE RESTRICT ON UPDATE RESTRICT
) ENGINE = InnoDB CHARACTER SET = utf8 COLLATE = utf8_bin ROW_FORMAT = Dynamic;

-- ----------------------------
-- Table structure for act_ru_variable
-- ----------------------------
DROP TABLE IF EXISTS `act_ru_variable`;
CREATE TABLE `act_ru_variable`  (
  `ID_` varchar(64) CHARACTER SET utf8 COLLATE utf8_bin NOT NULL,
  `REV_` int(0) NULL DEFAULT NULL,
  `TYPE_` varchar(255) CHARACTER SET utf8 COLLATE utf8_bin NOT NULL,
  `NAME_` varchar(255) CHARACTER SET utf8 COLLATE utf8_bin NOT NULL,
  `EXECUTION_ID_` varchar(64) CHARACTER SET utf8 COLLATE utf8_bin NULL DEFAULT NULL,
  `PROC_INST_ID_` varchar(64) CHARACTER SET utf8 COLLATE utf8_bin NULL DEFAULT NULL,
  `TASK_ID_` varchar(64) CHARACTER SET utf8 COLLATE utf8_bin NULL DEFAULT NULL,
  `BYTEARRAY_ID_` varchar(64) CHARACTER SET utf8 COLLATE utf8_bin NULL DEFAULT NULL,
  `DOUBLE_` double NULL DEFAULT NULL,
  `LONG_` bigint(0) NULL DEFAULT NULL,
  `TEXT_` varchar(4000) CHARACTER SET utf8 COLLATE utf8_bin NULL DEFAULT NULL,
  `TEXT2_` varchar(4000) CHARACTER SET utf8 COLLATE utf8_bin NULL DEFAULT NULL,
  PRIMARY KEY (`ID_`) USING BTREE,
  INDEX `ACT_IDX_VARIABLE_TASK_ID`(`TASK_ID_`) USING BTREE,
  INDEX `ACT_FK_VAR_EXE`(`EXECUTION_ID_`) USING BTREE,
  INDEX `ACT_FK_VAR_PROCINST`(`PROC_INST_ID_`) USING BTREE,
  INDEX `ACT_FK_VAR_BYTEARRAY`(`BYTEARRAY_ID_`) USING BTREE,
  CONSTRAINT `ACT_FK_VAR_BYTEARRAY` FOREIGN KEY (`BYTEARRAY_ID_`) REFERENCES `act_ge_bytearray` (`ID_`) ON DELETE RESTRICT ON UPDATE RESTRICT,
  CONSTRAINT `ACT_FK_VAR_EXE` FOREIGN KEY (`EXECUTION_ID_`) REFERENCES `act_ru_execution` (`ID_`) ON DELETE RESTRICT ON UPDATE RESTRICT,
  CONSTRAINT `ACT_FK_VAR_PROCINST` FOREIGN KEY (`PROC_INST_ID_`) REFERENCES `act_ru_execution` (`ID_`) ON DELETE RESTRICT ON UPDATE RESTRICT
) ENGINE = InnoDB CHARACTER SET = utf8 COLLATE = utf8_bin ROW_FORMAT = Dynamic;

-- ----------------------------
-- Records of act_ru_variable
-- ----------------------------
INSERT INTO `act_ru_variable` VALUES ('5002', 1, 'string', '${initator}', '5001', '5001', NULL, NULL, NULL, NULL, '1', NULL);
INSERT INTO `act_ru_variable` VALUES ('5005', 1, 'string', 'formId', '5001', '5001', NULL, NULL, NULL, NULL, '6264eebbfbe9b19ec9e8989cbb8a4d1b', NULL);
INSERT INTO `act_ru_variable` VALUES ('5007', 2, 'string', 'agent', '5001', '5001', NULL, NULL, NULL, NULL, '2', NULL);
INSERT INTO `act_ru_variable` VALUES ('5009', 1, 'string', 'flag', '5001', '5001', NULL, NULL, NULL, NULL, 'true', NULL);
INSERT INTO `act_ru_variable` VALUES ('7522', 1, 'string', '${initator}', '7521', '7521', NULL, NULL, NULL, NULL, '1', NULL);
INSERT INTO `act_ru_variable` VALUES ('7525', 1, 'string', 'formId', '7521', '7521', NULL, NULL, NULL, NULL, '2ff9b1942451ec52e926c6f73fd19cfa', NULL);
INSERT INTO `act_ru_variable` VALUES ('7527', 1, 'string', 'agent', '7521', '7521', NULL, NULL, NULL, NULL, '1', NULL);
INSERT INTO `act_ru_variable` VALUES ('7529', 1, 'string', 'flag', '7521', '7521', NULL, NULL, NULL, NULL, 'true', NULL);
INSERT INTO `act_ru_variable` VALUES ('7542', 1, 'string', '${initator}', '7541', '7541', NULL, NULL, NULL, NULL, '1', NULL);
INSERT INTO `act_ru_variable` VALUES ('7545', 1, 'string', 'formId', '7541', '7541', NULL, NULL, NULL, NULL, '272e29bcffad4497588fa82546e43c79', NULL);
INSERT INTO `act_ru_variable` VALUES ('7547', 1, 'string', 'agent', '7541', '7541', NULL, NULL, NULL, NULL, '1', NULL);
INSERT INTO `act_ru_variable` VALUES ('7549', 1, 'string', 'flag', '7541', '7541', NULL, NULL, NULL, NULL, 'true', NULL);

SET FOREIGN_KEY_CHECKS = 1;
